{
  "json_schema_major_version": "1",
  "json_schema_minor_version": "2",
  "json_content_version": "1",
  "function_name": "AMLGenerator",
  "function_version": "1.8",
  "function_type": "driver",
  "function_alias_name": "AMLGenerator",
  "function_r_name": "aa.aml.generator",
  "short_description": "Generates an AML file from input model tables.",
  "long_description": "The AMLGenerator function translates an ML Engine model into an XML-based format, which is accepted by the Teradata Scoring SDK functionality.",
  "input_tables": [
    {
      "requiredInputKind": [
        "PartitionByAny"
      ],
      "isOrdered": false,
      "partitionByOne": false,
      "name": "input",
      "alternateNames": [],
      "isRequired": false,
      "rDescription": "",
      "description": "",
      "datatype": "TABLE_ALIAS",
      "allowsLists": false,
      "useInR": false,
      "rOrderNum": 0
    },
    {
      "requiredInputKind": [],
      "isOrdered": false,
      "partitionByOne": false,
      "name": "Model",
      "alternateNames": [
        "ModelTable"
      ],
      "isRequired": false,
      "rDescription": "Specifies the input model table representing input data for which aml file is to be generated. The table could be either database tables or files installed on the database.",
      "description": "Specifies the input model table representing input data for which aml file is to be generated. The table could be either database tables or files installed on the database.",
      "datatype": "TABLE_NAME",
      "allowsLists": false,
      "rName": "data",
      "useInR": true,
      "rOrderNum": 2
    },
    {
      "requiredInputKind": [],
      "isOrdered": false,
      "partitionByOne": false,
      "name": "Model2",
      "alternateNames": [
        "ModelTable2"
      ],
      "isRequired": false,
      "rDescription": "Specifies the second input model table representing input data for which aml file is to be generated. The table could be either database tables or files installed on the database.",
      "description": "Specifies the second input model table representing input data for which aml file is to be generated. The table could be either database tables or files installed on the database.",
      "datatype": "TABLE_NAME",
      "allowsLists": false,
      "rName": "data2",
      "useInR": true,
      "rOrderNum": 29
    }
  ],
  "argument_clauses": [
    {
      "permittedValues": [],
      "isOutputColumn": false,
      "name": "ModelType",
      "alternateNames": [],
      "isRequired": true,
      "rDescription": "Specifies the function name for which this aml file will be used. For predictors, this represents the type of the model trained. ",
      "description": "Specify the function name for which this .aml file is to be used. For predictors, this represents the type of the model trained. For information about model types, see Teradata Scoring SDK Functions.",
      "datatype": "STRING",
      "allowsLists": false,
      "rName": "model.type",
      "useInR": true,
      "rOrderNum": 1
    },
    {
      "permittedValues": [],
      "isOutputColumn": false,
      "matchLengthOfArgument": "",
      "allowPadding": true,
      "name": "RequestColNames",
      "alternateNames": [],
      "isRequired": true,
      "rDescription": "Specifies the column names of the request to be scored. For a predictor, these column names typically match the columns names of the training data used to train the model.",
      "description": "Specify the column names of the request to be scored. For a predictor, these column names typically match the column names of the training data used to train the model.",
      "datatype": "STRING",
      "allowsLists": true,
      "rName": "request.col.names",
      "useInR": true,
      "rOrderNum": 5
    },
    {
      "permittedValues": [],
      "isOutputColumn": false,
      "matchLengthOfArgument": "RequestColNames",
      "allowPadding": false,
      "name": "RequestColTypes",
      "alternateNames": [],
      "isRequired": true,
      "rDescription": "Specifies the column types of the request to be scored. For a predictor, these column types typically match the columns types of the training data used to train the model.",
      "description": "Specify the column types of the request to be scored. For a predictor, these column types typically match the columns types of the training data used to train the model. Specify one column_type for each column_name .",
      "datatype": "STRING",
      "allowsLists": true,
      "rName": "request.col.types",
      "useInR": true,
      "rOrderNum": 6
    },
    {
      "permittedValues": [],
      "isOutputColumn": false,
      "name": "ModelTag",
      "alternateNames": [
        "ModelTableTag"
      ],
      "isRequired": false,
      "rDescription": "Specifies the input model table tag for input model table specified in model.table clause.",
      "description": "Specifies the input model table tag for input model table specified in ModelTable clause.",
      "datatype": "STRING",
      "allowsLists": false,
      "rName": "model.tag",
      "useInR": true,
      "rOrderNum": 3
    },
    {
      "permittedValues": [],
      "isOutputColumn": false,
      "name": "Model2Tag",
      "alternateNames": [
        "ModelTable2Tag"
      ],
      "isRequired": false,
      "rDescription": "Specifies the second input model table tag for input model table 2 specified in model.table2 clause.",
      "description": "Specifies the input model table tag for input model table specified in ModelTable2 clause.",
      "datatype": "STRING",
      "allowsLists": false,
      "rName": "model2.tag",
      "useInR": true,
      "rOrderNum": 30
    },
    {
      "permittedValues": [],
      "isOutputColumn": false,
      "name": "InstalledFile",
      "alternateNames": [],
      "isRequired": false,
      "rDescription": "Specifies the name of the file installed on the database representing input data for which aml is to be generated.",
      "description": " Specify the name of the file, installed on the ML Engine, to use to create the .aml file.",
      "datatype": "STRING",
      "allowsLists": false,
      "rName": "installed.file",
      "useInR": true,
      "rOrderNum": 4
    },
    {
      "permittedValues": [],
      "isOutputColumn": false,
      "name": "InstalledFile2",
      "alternateNames": [],
      "isRequired": false,
      "rDescription": "Specifies the name of the second file installed on the database representing input data for which aml is to be generated.",
      "description": " Use only if the function can use two input files. The functions that can use two input files are TextTokenizer, TextTagging, TextParser, and SentimentExtractor. Specify the name of the database file to use to create the .aml file.",
      "datatype": "STRING",
      "allowsLists": false,
      "rName": "installed.file2",
      "useInR": true,
      "rOrderNum": 31
    },
    {
      "permittedValues": [],
      "isOutputColumn": false,
      "name": "InstalledFileTag",
      "alternateNames": [],
      "isRequired": false,
      "rDescription": "Specifies the input installed file tag for input installed file specified in installed.file clause.",
      "description": " Specify the tag for installed_file , which identifies the role of the file in the Teradata Scoring SDK context.",
      "datatype": "STRING",
      "allowsLists": false,
      "rName": "installed.file.tag",
      "useInR": true,
      "rOrderNum": 32
    },
    {
      "permittedValues": [],
      "isOutputColumn": false,
      "name": "InstalledFile2Tag",
      "alternateNames": [],
      "isRequired": false,
      "rDescription": "Specifies the input installed file tag for input installed file specified in installed.file2 clause.",
      "description": " Use only with InstalledFile2. Specify the tag for installed_file_2 , which identifies the role of the file in the Teradata Scoring SDK context.",
      "datatype": "STRING",
      "allowsLists": false,
      "rName": "installed.file2.tag",
      "useInR": true,
      "rOrderNum": 33
    },
    {
      "permittedValues": [],
      "defaultValue": "model",
      "isOutputColumn": false,
      "name": "AMLPrefix",
      "alternateNames": [],
      "isRequired": false,
      "rDescription": " Specifies the name of the generated AML model file. Default value is \u201cmodel\u201d. The output file is stored with suffix \u201c.aml\u201d.",
      "description": " Specify the name for the AML model file that the function outputs. The file suffix is \".aml\". For example, if aml_model_file is 'model', the output file is model.aml. Default: 'model'",
      "datatype": "STRING",
      "allowsLists": false,
      "rName": "aml.prefix",
      "useInR": true,
      "rOrderNum": 7
    },
    {
      "defaultValue": false,
      "name": "OverwriteOutput",
      "alternateNames": [],
      "isRequired": false,
      "rDescription": "Specifies whether the output AML model file should be overwritten or not if already exists.",
      "description": " Specifies whether to overwrite the output AML model file if it exists. Default: 'false'",
      "datatype": "BOOLEAN",
      "allowsLists": false,
      "rName": "overwrite.output",
      "useInR": true,
      "rOrderNum": -1
    },
    {
      "permittedValues": [],
      "isOutputColumn": false,
      "name": "RequestArgName1",
      "alternateNames": [],
      "isRequired": false,
      "rDescription": "Specifies the argument clause name for the function to be used in scoring. These clauses are the same as mentioned in the corresponding SQL-MapReduce function documentation, with some exceptions. The request.arg.name should start from 1 in a sequential manner. For example, the following sequence of clauses is acceptable: request.arg.name1, request.arg.name2, request.arg.name3. However, this sequence is not acceptable: request.arg.name1, request.arg.name2, request.arg.name4. The maximum value of n is 30. The values for corresponding arguments are provided in request.arg.val clause. ",
      "description": "Specifies the argument clause name for the function to be used in scoring. These clauses are the same as mentioned in the corresponding SQL-MapReduce function documentation, with some exceptions. The RequestArgName should start from 1 in a sequential manner. For example, the following sequence of clauses is acceptable: RequestArgName1, RequestArgName2, RequestArgName3. However, this sequence is not acceptable: RequestArgName1, RequestArgName2, RequestArgName4. The maximum value of n is 30. The values for corresponding arguments are provided in RequestArgVal clause. ",
      "datatype": "STRING",
      "allowsLists": false,
      "rName": "request.arg.name1",
      "useInR": true,
      "rOrderNum": 8
    },
    {
      "permittedValues": [],
      "isOutputColumn": false,
      "name": "RequestArgVal1",
      "alternateNames": [],
      "isRequired": false,
      "rDescription": "Specifies the argument clause value for the function to be used in scoring. The value in this clause corresponds to the clause mentioned in request.arg.name for the same value of n. These clause values are the same as mentioned in the documentation for the corresponding SQL-MapReduce function. The request.arg.val should start from 1 in a sequential manner, and follows the same format as request.arg.name. The maximum value of n is 30.",
      "description": "Specifies the argument clause value for the function to be used in scoring. The value in this clause corresponds to the clause mentioned in RequestArgName for the same value of n. These clause values are the same as mentioned in the documentation for the corresponding SQL-MapReduce function. The RequestArgVal should start from 1 in a sequential manner, and follows the same format as RequestArgName. The maximum value of n is 30.",
      "datatype": "STRING",
      "allowsLists": false,
      "rName": "request.arg.val1",
      "useInR": true,
      "rOrderNum": 9
    },
    {
      "permittedValues": [],
      "isOutputColumn": false,
      "name": "RequestArgName2",
      "alternateNames": [],
      "isRequired": false,
      "rDescription": "Specifies the argument clause name for the function to be used in scoring. These clauses are the same as mentioned in the corresponding SQL-MapReduce function documentation, with some exceptions. The request.arg.name should start from 1 in a sequential manner. For example, the following sequence of clauses is acceptable: request.arg.name1, request.arg.name2, request.arg.name3. However, this sequence is not acceptable: request.arg.name1, request.arg.name2, request.arg.name4. The maximum value of n is 30. The values for corresponding arguments are provided in request.arg.val clause. ",
      "description": "Specifies the argument clause name for the function to be used in scoring. These clauses are the same as mentioned in the corresponding SQL-MapReduce function documentation, with some exceptions. The RequestArgName should start from 1 in a sequential manner. For example, the following sequence of clauses is acceptable: RequestArgName1, RequestArgName2, RequestArgName3. However, this sequence is not acceptable: RequestArgName1, RequestArgName2, RequestArgName4. The maximum value of n is 30. The values for corresponding arguments are provided in RequestArgVal clause. ",
      "datatype": "STRING",
      "allowsLists": false,
      "rName": "request.arg.name2",
      "useInR": true,
      "rOrderNum": 10
    },
    {
      "permittedValues": [],
      "isOutputColumn": false,
      "name": "RequestArgVal2",
      "alternateNames": [],
      "isRequired": false,
      "rDescription": "Specifies the argument clause value for the function to be used in scoring. The value in this clause corresponds to the clause mentioned in request.arg.name for the same value of n. These clause values are the same as mentioned in the documentation for the corresponding SQL-MapReduce function. The request.arg.val should start from 1 in a sequential manner, and follows the same format as request.arg.name. The maximum value of n is 30.",
      "description": "Specifies the argument clause value for the function to be used in scoring. The value in this clause corresponds to the clause mentioned in RequestArgName for the same value of n. These clause values are the same as mentioned in the documentation for the corresponding SQL-MapReduce function. The RequestArgVal should start from 1 in a sequential manner, and follows the same format as RequestArgName. The maximum value of n is 30.",
      "datatype": "STRING",
      "allowsLists": false,
      "rName": "request.arg.val2",
      "useInR": true,
      "rOrderNum": 11
    },
    {
      "permittedValues": [],
      "isOutputColumn": false,
      "name": "RequestArgName3",
      "alternateNames": [],
      "isRequired": false,
      "rDescription": "Specifies the argument clause name for the function to be used in scoring. These clauses are the same as mentioned in the corresponding SQL-MapReduce function documentation, with some exceptions. The request.arg.name should start from 1 in a sequential manner. For example, the following sequence of clauses is acceptable: request.arg.name1, request.arg.name2, request.arg.name3. However, this sequence is not acceptable: request.arg.name1, request.arg.name2, request.arg.name4. The maximum value of n is 30. The values for corresponding arguments are provided in request.arg.val clause. ",
      "description": "Specifies the argument clause name for the function to be used in scoring. These clauses are the same as mentioned in the corresponding SQL-MapReduce function documentation, with some exceptions. The RequestArgName should start from 1 in a sequential manner. For example, the following sequence of clauses is acceptable: RequestArgName1, RequestArgName2, RequestArgName3. However, this sequence is not acceptable: RequestArgName1, RequestArgName2, RequestArgName4. The maximum value of n is 30. The values for corresponding arguments are provided in RequestArgVal clause. ",
      "datatype": "STRING",
      "allowsLists": false,
      "rName": "request.arg.name3",
      "useInR": true,
      "rOrderNum": 12
    },
    {
      "permittedValues": [],
      "isOutputColumn": false,
      "name": "RequestArgVal3",
      "alternateNames": [],
      "isRequired": false,
      "rDescription": "Specifies the argument clause value for the function to be used in scoring. The value in this clause corresponds to the clause mentioned in request.arg.name for the same value of n. These clause values are the same as mentioned in the documentation for the corresponding SQL-MapReduce function. The request.arg.val should start from 1 in a sequential manner, and follows the same format as request.arg.name. The maximum value of n is 30.",
      "description": "Specifies the argument clause value for the function to be used in scoring. The value in this clause corresponds to the clause mentioned in RequestArgName for the same value of n. These clause values are the same as mentioned in the documentation for the corresponding SQL-MapReduce function. The RequestArgVal should start from 1 in a sequential manner, and follows the same format as RequestArgName. The maximum value of n is 30.",
      "datatype": "STRING",
      "allowsLists": false,
      "rName": "request.arg.val3",
      "useInR": true,
      "rOrderNum": 13
    },
    {
      "permittedValues": [],
      "isOutputColumn": false,
      "name": "RequestArgName4",
      "alternateNames": [],
      "isRequired": false,
      "rDescription": "Specifies the argument clause name for the function to be used in scoring. These clauses are the same as mentioned in the corresponding SQL-MapReduce function documentation, with some exceptions. The request.arg.name should start from 1 in a sequential manner. For example, the following sequence of clauses is acceptable: request.arg.name1, request.arg.name2, request.arg.name3. However, this sequence is not acceptable: request.arg.name1, request.arg.name2, request.arg.name4. The maximum value of n is 30. The values for corresponding arguments are provided in request.arg.val clause. ",
      "description": "Specifies the argument clause name for the function to be used in scoring. These clauses are the same as mentioned in the corresponding SQL-MapReduce function documentation, with some exceptions. The RequestArgName should start from 1 in a sequential manner. For example, the following sequence of clauses is acceptable: RequestArgName1, RequestArgName2, RequestArgName3. However, this sequence is not acceptable: RequestArgName1, RequestArgName2, RequestArgName4. The maximum value of n is 30. The values for corresponding arguments are provided in RequestArgVal clause. ",
      "datatype": "STRING",
      "allowsLists": false,
      "rName": "request.arg.name4",
      "useInR": true,
      "rOrderNum": 14
    },
    {
      "permittedValues": [],
      "isOutputColumn": false,
      "name": "RequestArgVal4",
      "alternateNames": [],
      "isRequired": false,
      "rDescription": "Specifies the argument clause value for the function to be used in scoring. The value in this clause corresponds to the clause mentioned in request.arg.name for the same value of n. These clause values are the same as mentioned in the documentation for the corresponding SQL-MapReduce function. The request.arg.val should start from 1 in a sequential manner, and follows the same format as request.arg.name. The maximum value of n is 30.",
      "description": "Specifies the argument clause value for the function to be used in scoring. The value in this clause corresponds to the clause mentioned in RequestArgName for the same value of n. These clause values are the same as mentioned in the documentation for the corresponding SQL-MapReduce function. The RequestArgVal should start from 1 in a sequential manner, and follows the same format as RequestArgName. The maximum value of n is 30.",
      "datatype": "STRING",
      "allowsLists": false,
      "rName": "request.arg.val4",
      "useInR": true,
      "rOrderNum": 15
    },
    {
      "permittedValues": [],
      "isOutputColumn": false,
      "name": "RequestArgName5",
      "alternateNames": [],
      "isRequired": false,
      "rDescription": "Specifies the argument clause name for the function to be used in scoring. These clauses are the same as mentioned in the corresponding SQL-MapReduce function documentation, with some exceptions. The request.arg.name should start from 1 in a sequential manner. For example, the following sequence of clauses is acceptable: request.arg.name1, request.arg.name2, request.arg.name3. However, this sequence is not acceptable: request.arg.name1, request.arg.name2, request.arg.name4. The maximum value of n is 30. The values for corresponding arguments are provided in request.arg.val clause. ",
      "description": "Specifies the argument clause name for the function to be used in scoring. These clauses are the same as mentioned in the corresponding SQL-MapReduce function documentation, with some exceptions. The RequestArgName should start from 1 in a sequential manner. For example, the following sequence of clauses is acceptable: RequestArgName1, RequestArgName2, RequestArgName3. However, this sequence is not acceptable: RequestArgName1, RequestArgName2, RequestArgName4. The maximum value of n is 30. The values for corresponding arguments are provided in RequestArgVal clause. ",
      "datatype": "STRING",
      "allowsLists": false,
      "rName": "request.arg.name5",
      "useInR": true,
      "rOrderNum": 16
    },
    {
      "permittedValues": [],
      "isOutputColumn": false,
      "name": "RequestArgVal5",
      "alternateNames": [],
      "isRequired": false,
      "rDescription": "Specifies the argument clause value for the function to be used in scoring. The value in this clause corresponds to the clause mentioned in request.arg.name for the same value of n. These clause values are the same as mentioned in the documentation for the corresponding SQL-MapReduce function. The request.arg.val should start from 1 in a sequential manner, and follows the same format as request.arg.name. The maximum value of n is 30.",
      "description": "Specifies the argument clause value for the function to be used in scoring. The value in this clause corresponds to the clause mentioned in RequestArgName for the same value of n. These clause values are the same as mentioned in the documentation for the corresponding SQL-MapReduce function. The RequestArgVal should start from 1 in a sequential manner, and follows the same format as RequestArgName. The maximum value of n is 30.",
      "datatype": "STRING",
      "allowsLists": false,
      "rName": "request.arg.val5",
      "useInR": true,
      "rOrderNum": 17
    },
    {
      "permittedValues": [],
      "isOutputColumn": false,
      "name": "RequestArgName6",
      "alternateNames": [],
      "isRequired": false,
      "rDescription": "Specifies the argument clause name for the function to be used in scoring. These clauses are the same as mentioned in the corresponding SQL-MapReduce function documentation, with some exceptions. The request.arg.name should start from 1 in a sequential manner. For example, the following sequence of clauses is acceptable: request.arg.name1, request.arg.name2, request.arg.name3. However, this sequence is not acceptable: request.arg.name1, request.arg.name2, request.arg.name4. The maximum value of n is 30. The values for corresponding arguments are provided in request.arg.val clause. ",
      "description": "Specifies the argument clause name for the function to be used in scoring. These clauses are the same as mentioned in the corresponding SQL-MapReduce function documentation, with some exceptions. The RequestArgName should start from 1 in a sequential manner. For example, the following sequence of clauses is acceptable: RequestArgName1, RequestArgName2, RequestArgName3. However, this sequence is not acceptable: RequestArgName1, RequestArgName2, RequestArgName4. The maximum value of n is 30. The values for corresponding arguments are provided in RequestArgVal clause. ",
      "datatype": "STRING",
      "allowsLists": false,
      "rName": "request.arg.name6",
      "useInR": true,
      "rOrderNum": 18
    },
    {
      "permittedValues": [],
      "isOutputColumn": false,
      "name": "RequestArgVal6",
      "alternateNames": [],
      "isRequired": false,
      "rDescription": "Specifies the argument clause value for the function to be used in scoring. The value in this clause corresponds to the clause mentioned in request.arg.name for the same value of n. These clause values are the same as mentioned in the documentation for the corresponding SQL-MapReduce function. The request.arg.val should start from 1 in a sequential manner, and follows the same format as request.arg.name. The maximum value of n is 30.",
      "description": "Specifies the argument clause value for the function to be used in scoring. The value in this clause corresponds to the clause mentioned in RequestArgName for the same value of n. These clause values are the same as mentioned in the documentation for the corresponding SQL-MapReduce function. The RequestArgVal should start from 1 in a sequential manner, and follows the same format as RequestArgName. The maximum value of n is 30.",
      "datatype": "STRING",
      "allowsLists": false,
      "rName": "request.arg.val6",
      "useInR": true,
      "rOrderNum": 19
    },
    {
      "permittedValues": [],
      "isOutputColumn": false,
      "name": "RequestArgName7",
      "alternateNames": [],
      "isRequired": false,
      "rDescription": "Specifies the argument clause name for the function to be used in scoring. These clauses are the same as mentioned in the corresponding SQL-MapReduce function documentation, with some exceptions. The request.arg.name should start from 1 in a sequential manner. For example, the following sequence of clauses is acceptable: request.arg.name1, request.arg.name2, request.arg.name3. However, this sequence is not acceptable: request.arg.name1, request.arg.name2, request.arg.name4. The maximum value of n is 30. The values for corresponding arguments are provided in request.arg.val clause. ",
      "description": "Specifies the argument clause name for the function to be used in scoring. These clauses are the same as mentioned in the corresponding SQL-MapReduce function documentation, with some exceptions. The RequestArgName should start from 1 in a sequential manner. For example, the following sequence of clauses is acceptable: RequestArgName1, RequestArgName2, RequestArgName3. However, this sequence is not acceptable: RequestArgName1, RequestArgName2, RequestArgName4. The maximum value of n is 30. The values for corresponding arguments are provided in RequestArgVal clause. ",
      "datatype": "STRING",
      "allowsLists": false,
      "rName": "request.arg.name7",
      "useInR": true,
      "rOrderNum": 20
    },
    {
      "permittedValues": [],
      "isOutputColumn": false,
      "name": "RequestArgVal7",
      "alternateNames": [],
      "isRequired": false,
      "rDescription": "Specifies the argument clause value for the function to be used in scoring. The value in this clause corresponds to the clause mentioned in request.arg.name for the same value of n. These clause values are the same as mentioned in the documentation for the corresponding SQL-MapReduce function. The request.arg.val should start from 1 in a sequential manner, and follows the same format as request.arg.name. The maximum value of n is 30.",
      "description": "Specifies the argument clause value for the function to be used in scoring. The value in this clause corresponds to the clause mentioned in RequestArgName for the same value of n. These clause values are the same as mentioned in the documentation for the corresponding SQL-MapReduce function. The RequestArgVal should start from 1 in a sequential manner, and follows the same format as RequestArgName. The maximum value of n is 30.",
      "datatype": "STRING",
      "allowsLists": false,
      "rName": "request.arg.val7",
      "useInR": true,
      "rOrderNum": 21
    },
    {
      "permittedValues": [],
      "isOutputColumn": false,
      "name": "RequestArgName8",
      "alternateNames": [],
      "isRequired": false,
      "rDescription": "Specifies the argument clause name for the function to be used in scoring. These clauses are the same as mentioned in the corresponding SQL-MapReduce function documentation, with some exceptions. The request.arg.name should start from 1 in a sequential manner. For example, the following sequence of clauses is acceptable: request.arg.name1, request.arg.name2, request.arg.name3. However, this sequence is not acceptable: request.arg.name1, request.arg.name2, request.arg.name4. The maximum value of n is 30. The values for corresponding arguments are provided in request.arg.val clause. ",
      "description": "Specifies the argument clause name for the function to be used in scoring. These clauses are the same as mentioned in the corresponding SQL-MapReduce function documentation, with some exceptions. The RequestArgName should start from 1 in a sequential manner. For example, the following sequence of clauses is acceptable: RequestArgName1, RequestArgName2, RequestArgName3. However, this sequence is not acceptable: RequestArgName1, RequestArgName2, RequestArgName4. The maximum value of n is 30. The values for corresponding arguments are provided in RequestArgVal clause. ",
      "datatype": "STRING",
      "allowsLists": false,
      "rName": "request.arg.name8",
      "useInR": true,
      "rOrderNum": 22
    },
    {
      "permittedValues": [],
      "isOutputColumn": false,
      "name": "RequestArgVal8",
      "alternateNames": [],
      "isRequired": false,
      "rDescription": "Specifies the argument clause value for the function to be used in scoring. The value in this clause corresponds to the clause mentioned in request.arg.name for the same value of n. These clause values are the same as mentioned in the documentation for the corresponding SQL-MapReduce function. The request.arg.val should start from 1 in a sequential manner, and follows the same format as request.arg.name. The maximum value of n is 30.",
      "description": "Specifies the argument clause value for the function to be used in scoring. The value in this clause corresponds to the clause mentioned in RequestArgName for the same value of n. These clause values are the same as mentioned in the documentation for the corresponding SQL-MapReduce function. The RequestArgVal should start from 1 in a sequential manner, and follows the same format as RequestArgName. The maximum value of n is 30.",
      "datatype": "STRING",
      "allowsLists": false,
      "rName": "request.arg.val8",
      "useInR": true,
      "rOrderNum": 23
    },
    {
      "permittedValues": [],
      "isOutputColumn": false,
      "name": "RequestArgName9",
      "alternateNames": [],
      "isRequired": false,
      "rDescription": "Specifies the argument clause name for the function to be used in scoring. These clauses are the same as mentioned in the corresponding SQL-MapReduce function documentation, with some exceptions. The request.arg.name should start from 1 in a sequential manner. For example, the following sequence of clauses is acceptable: request.arg.name1, request.arg.name2, request.arg.name3. However, this sequence is not acceptable: request.arg.name1, request.arg.name2, request.arg.name4. The maximum value of n is 30. The values for corresponding arguments are provided in request.arg.val clause. ",
      "description": "Specifies the argument clause name for the function to be used in scoring. These clauses are the same as mentioned in the corresponding SQL-MapReduce function documentation, with some exceptions. The RequestArgName should start from 1 in a sequential manner. For example, the following sequence of clauses is acceptable: RequestArgName1, RequestArgName2, RequestArgName3. However, this sequence is not acceptable: RequestArgName1, RequestArgName2, RequestArgName4. The maximum value of n is 30. The values for corresponding arguments are provided in RequestArgVal clause. ",
      "datatype": "STRING",
      "allowsLists": false,
      "rName": "request.arg.name9",
      "useInR": true,
      "rOrderNum": 24
    },
    {
      "permittedValues": [],
      "isOutputColumn": false,
      "name": "RequestArgVal9",
      "alternateNames": [],
      "isRequired": false,
      "rDescription": "Specifies the argument clause value for the function to be used in scoring. The value in this clause corresponds to the clause mentioned in request.arg.name for the same value of n. These clause values are the same as mentioned in the documentation for the corresponding SQL-MapReduce function. The request.arg.val should start from 1 in a sequential manner, and follows the same format as request.arg.name. The maximum value of n is 30.",
      "description": "Specifies the argument clause value for the function to be used in scoring. The value in this clause corresponds to the clause mentioned in RequestArgName for the same value of n. These clause values are the same as mentioned in the documentation for the corresponding SQL-MapReduce function. The RequestArgVal should start from 1 in a sequential manner, and follows the same format as RequestArgName. The maximum value of n is 30.",
      "datatype": "STRING",
      "allowsLists": false,
      "rName": "request.arg.val9",
      "useInR": true,
      "rOrderNum": 25
    },
    {
      "permittedValues": [],
      "isOutputColumn": false,
      "name": "RequestArgName10",
      "alternateNames": [],
      "isRequired": false,
      "rDescription": "Specifies the argument clause name for the function to be used in scoring. These clauses are the same as mentioned in the corresponding SQL-MapReduce function documentation, with some exceptions. The request.arg.name should start from 1 in a sequential manner. For example, the following sequence of clauses is acceptable: request.arg.name1, request.arg.name2, request.arg.name3. However, this sequence is not acceptable: request.arg.name1, request.arg.name2, request.arg.name4. The maximum value of n is 30. The values for corresponding arguments are provided in request.arg.val clause. ",
      "description": "Specifies the argument clause name for the function to be used in scoring. These clauses are the same as mentioned in the corresponding SQL-MapReduce function documentation, with some exceptions. The RequestArgName should start from 1 in a sequential manner. For example, the following sequence of clauses is acceptable: RequestArgName1, RequestArgName2, RequestArgName3. However, this sequence is not acceptable: RequestArgName1, RequestArgName2, RequestArgName4. The maximum value of n is 30. The values for corresponding arguments are provided in RequestArgVal clause. ",
      "datatype": "STRING",
      "allowsLists": false,
      "rName": "request.arg.name10",
      "useInR": true,
      "rOrderNum": 26
    },
    {
      "permittedValues": [],
      "isOutputColumn": false,
      "name": "RequestArgVal10",
      "alternateNames": [],
      "isRequired": false,
      "rDescription": "Specifies the argument clause value for the function to be used in scoring. The value in this clause corresponds to the clause mentioned in request.arg.name for the same value of n. These clause values are the same as mentioned in the documentation for the corresponding SQL-MapReduce function. The request.arg.val should start from 1 in a sequential manner, and follows the same format as request.arg.name. The maximum value of n is 30.",
      "description": "Specifies the argument clause value for the function to be used in scoring. The value in this clause corresponds to the clause mentioned in RequestArgName for the same value of n. These clause values are the same as mentioned in the documentation for the corresponding SQL-MapReduce function. The RequestArgVal should start from 1 in a sequential manner, and follows the same format as RequestArgName. The maximum value of n is 30.",
      "datatype": "STRING",
      "allowsLists": false,
      "rName": "request.arg.val10",
      "useInR": true,
      "rOrderNum": 27
    },
    {
      "permittedValues": [],
      "isOutputColumn": false,
      "matchLengthOfArgument": "",
      "allowPadding": true,
      "name": "UniqueId",
      "alternateNames": [
        "SequenceInputBy"
      ],
      "isRequired": false,
      "rDescription": "Specifies the LIST_VECTOR of column(s) that uniquely identifies each row of the input argument INPUT_ARG_NAME. The argument is used to ensure deterministic results for functions which produce results that vary from run to run.",
      "description": "Specifies the input column(s) that uniquely identify each row of input table. The format is 'input1:c1' where input1 refers to the alias used by the input table that contains such column named c1.",
      "datatype": "STRING",
      "allowsLists": true,
      "rName": "sequence.column",
      "useInR": true,
      "rOrderNum": 50
    }
  ]
}