{
  "json_schema_major_version": "1",
  "json_schema_minor_version": "2",
  "json_content_version": "1",
  "function_name": "ApproxDCountMap",
  "function_version": "1.2",
  "function_type": "non-driver",
  "function_alias_name": "ApproxCardinalityMap",
  "function_r_name": "aa.approx.dcount",
  "short_description": "This function estimates the number of distinct values.",
  "long_description": "This function estimates the number of distinct values in a column or combinations of columns, while scanning the table only once.",
  "function_operation": "map",
  "partner_function": "ApproxDCountReduce",
  "input_tables": [
    {
      "requiredInputKind": [
        "PartitionByAny"
      ],
      "isOrdered": false,
      "partitionByOne": false,
      "name": "InputTable",
      "alternateNames": [],
      "isRequired": true,
      "rDescription": "Specifies the table containing the input data.",
      "description": "Specifies the table containing the input data.",
      "datatype": "TABLE_ALIAS",
      "allowsLists": false,
      "rName": "input.table",
      "useInR": true,
      "rOrderNum": 0
    }
  ],
  "argument_clauses": [
    {
      "permittedValues": [],
      "isOutputColumn": false,
      "matchLengthOfArgument": "",
      "allowPadding": true,
      "name": "TargetColumns",
      "alternateNames": [
        "InputColumns"
      ],
      "isRequired": true,
      "rDescription": "Specifies the columns for which to estimate the number of distinct values.",
      "description": "Specifies the columns for which to estimate the number of distinct values.",
      "datatype": "STRING",
      "allowsLists": true,
      "rName": "input.columns",
      "useInR": true,
      "rOrderNum": 0
    },
    {
      "defaultValue": 10,
      "lowerBound": 0.05,
      "upperBound": 10,
      "lowerBoundType": "INCLUSIVE",
      "upperBoundType": "INCLUSIVE",
      "allowNaN": false,
      "name": "ErrorRate",
      "alternateNames": [],
      "isRequired": false,
      "rDescription": "Specifies the acceptable error rate, expressed as a decimal (for example, if error_tolerance is 10, then the acceptable error rate is 10%). The error_tolerance must be in the range (5.0E-4, 10]. The default value is 10.",
      "description": " Specify the acceptable error rate, expressed as a decimal (for example, if error_tolerance is 10, the acceptable error rate is 10%). The error_tolerance must be in the range (5.0e -4 , 10]. Default: 10",
      "datatype": "DOUBLE",
      "allowsLists": false,
      "rName": "error.rate",
      "useInR": true,
      "rOrderNum": 0
    },
    {
      "permittedValues": [],
      "isOutputColumn": false,
      "matchLengthOfArgument": "",
      "allowPadding": true,
      "name": "UniqueId",
      "alternateNames": [
        "SequenceInputBy"
      ],
      "isRequired": false,
      "rDescription": "Specifies the LIST_VECTOR of column(s) that uniquely identifies each row of the input argument INPUT_ARG_NAME. The argument is used to ensure deterministic results for functions which produce results that vary from run to run.",
      "description": "Specifies the input column(s) that uniquely identify each row of input table. The format is 'input1:c1' where input1 refers to the alias used by the input table that contains such column named c1.",
      "datatype": "STRING",
      "allowsLists": true,
      "rName": "sequence.column",
      "useInR": true,
      "rOrderNum": 50
    }
  ]
}