{
  "json_schema_major_version": "1",
  "json_schema_minor_version": "2",
  "json_content_version": "1",
  "function_name": "ApproxPercentileMap",
  "function_version": "1.4",
  "function_type": "non-driver",
  "function_alias_name": "ApproxPercentileMap",
  "function_r_name": "aa.approx.percentile.R",
  "short_description": "Outputs a summary of approximate percentiles on values of a column and grouped by one or more columns.",
  "long_description": "Outputs a summary of approximate percentiles on values given by a column and grouped by one or more columns. The rank of each output value is guaranteed to be within <N * relative_error / 100> of the rank of the corresponding percentile, where <N> is the number of summarized values.",
  "function_operation": "map",
  "partner_function": "ApproxPercentileReduce",
  "input_tables": [
    {
      "requiredInputKind": [
        "PartitionByAny"
      ],
      "isOrdered": false,
      "partitionByOne": false,
      "name": "InputTable",
      "alternateNames": [],
      "isRequired": true,
      "rDescription": "Specifies the table containing the input data.",
      "description": "Specifies the table containing the input data.",
      "datatype": "TABLE_ALIAS",
      "allowsLists": false,
      "rName": "input.table",
      "useInR": true,
      "rOrderNum": 0
    }
  ],
  "argument_clauses": [
    {
      "targetTable": [
        "InputTable"
      ],
      "checkDuplicate": true,
      "allowedTypes": [],
      "allowedTypeGroups": [
        "ALL"
      ],
      "matchLengthOfArgument": "",
      "allowPadding": true,
      "name": "TargetColumns",
      "alternateNames": [],
      "isRequired": true,
      "rDescription": "Specifies the names of the input columns for which to compute approximate percentiles. If you specify only one target_column in the ApproxPercentileMap function, then you can omit this argument in the ApproxPercentileReduce function. If you specify more than one target_column in the ApproxPercentileMap function, then you must specify this argument in the ApproxPercentileReduce function. In ApproxPercentileReduce, this argument must specify at least one target_column that it specifies in ApproxPercentileMap. Only the target columns specified in ApproxPercentileReduce appear in the output table.",
      "description": "Specify the names of the input columns for which to compute approximate percentiles. If you specify only one target_column in the ApproxPercentileMap function, you can omit this argument in the ApproxPercentileReduce function. If you specify more than one target_column in the ApproxPercentileMap function, you must specify this argument in the ApproxPercentileReduce function. In ApproxPercentileReduce, this argument must specify at least one target_column that it specifies in ApproxPercentileMap. Only the target columns specified in ApproxPercentileReduce appear in the output table.",
      "datatype": "COLUMNS",
      "allowsLists": true,
      "rName": "target.columns",
      "useInR": true,
      "rOrderNum": 0
    },
    {
      "targetTable": [
        "InputTable"
      ],
      "checkDuplicate": true,
      "allowedTypes": [],
      "allowedTypeGroups": [
        "ALL"
      ],
      "matchLengthOfArgument": "",
      "allowPadding": true,
      "name": "GroupByColumns",
      "alternateNames": [
        "GroupColumns"
      ],
      "isRequired": false,
      "rDescription": "Specifies the names of the input columns by which to group the data. If you specify this argument, the function computes the approximate percentile for each group in each column. If you omit this argument, the function computes the approximate percentile for the entire column. For example, suppose that the target columns are State, Town, and Population. If you specify GroupColumns('State'), the function computes the approximate percentile for the population of each state. If you omit this argument, the function computes the approximate percentile for the population across all towns. To specify this argument, you must do so in both the ApproxPercentileMap and the ApproxPercentileReduce functions, and specify each group_column in the PARTITION BY clause. If you omit this argument, specify PARTITION BY 1. ",
      "description": "Specifies the names of the input columns by which to group the data. If you specify this argument, the function computes the approximate percentile for each group in each column. If you omit this argument, the function computes the approximate percentile for the entire column. For example, suppose that the target columns are State, Town, and Population. If you specify GroupColumns('State'), the function computes the approximate percentile for the population of each state. If you omit this argument, the function computes the approximate percentile for the population across all towns. To specify this argument, you must do so in both the ApproxPercentileMap and the ApproxPercentileReduce functions, and specify each group_column in the PARTITION BY clause. If you omit this argument, specify PARTITION BY 1. ",
      "datatype": "COLUMNS",
      "allowsLists": true,
      "rName": "group.columns",
      "useInR": true,
      "rOrderNum": 0
    },
    {
      "defaultValue": 1,
      "lowerBound": 0.01,
      "upperBound": 50,
      "lowerBoundType": "INCLUSIVE",
      "upperBoundType": "INCLUSIVE",
      "allowNaN": false,
      "name": "ErrorRate",
      "alternateNames": [],
      "isRequired": false,
      "rDescription": "Specifies the approximate percentiles to compute. Each percentile is an INTEGER. By default, the function computes the percentiles 0, 25, 50, 75, and 100.",
      "description": " Specify the error (desired accuracy) of the approximation; that the quantile is to be correct within error %. The error must be in the range [.01, 50]. Lower error is more accurate but takes longer to compute. Default: 1",
      "datatype": "DOUBLE",
      "allowsLists": false,
      "rName": "error.rate",
      "useInR": true,
      "rOrderNum": 0
    },
    {
      "permittedValues": [],
      "isOutputColumn": false,
      "matchLengthOfArgument": "",
      "allowPadding": true,
      "name": "UniqueId",
      "alternateNames": [
        "SequenceInputBy"
      ],
      "isRequired": false,
      "rDescription": "Specifies the LIST_VECTOR of column(s) that uniquely identifies each row of the input argument INPUT_ARG_NAME. The argument is used to ensure deterministic results for functions which produce results that vary from run to run.",
      "description": "Specifies the input column(s) that uniquely identify each row of input table. The format is 'input1:c1' where input1 refers to the alias used by the input table that contains such column named c1.",
      "datatype": "STRING",
      "allowsLists": true,
      "rName": "sequence.column",
      "useInR": true,
      "rOrderNum": 50
    }
  ]
}