{
  "json_schema_major_version": "1",
  "json_schema_minor_version": "1",
  "json_content_version": "1",
  "function_name": "DecisionForestPredict",
  "function_version": "1.0",
  "function_alias_name": "DecisionForestPredict",
  "function_type": "fastpath",
  "function_r_name": "aa.decision.forest.predict",
  "ref_function_r_name": "aa.forest",
  "short_description": "This function generates predictions on a response variable for a data set",
  "long_description": "This function uses a decision tree model from the forest_drive to create predictions on a response variable for a test set",
  "input_tables": [
    {
      "requiredInputKind": [
        "PartitionByAny"
      ],
      "isOrdered": false,
      "partitionByOne": false,
      "name": "input",
      "alternateNames": [],
      "isRequired": true,
      "rDescription": "Specifies the table containing the input test data.",
      "description": "Specifies the table containing the input test data.",
      "datatype": "TABLE_ALIAS",
      "allowsLists": false,
      "rName": "newdata",
      "useInR": true,
      "rFormulaUsage": false,
      "rOrderNum": 2
    },
    {
      "requiredInputKind": [
        "Dimension"
      ],
      "isOrdered": false,
      "partitionByOne": false,
      "name": "Model",
      "alternateNames": ["ModelTable"],
      "isRequired": false,
      "rDescription": "Specifies the table containing the model data.",
      "description": "Specifies the table containing the model data.",
      "datatype": "TABLE_ALIAS",
      "allowsLists": false,
      "rName": "object",
      "useInR": true,
      "rFormulaUsage": false,
      "rOrderNum": 1
    }
  ],
  "argument_clauses": [
    {
      "targetTable": [
        "input"
      ],
      "checkDuplicate": true,
      "allowedTypes": [],
      "allowedTypeGroups": [
        "ALL"
      ],
      "requiredLength": 1,
      "matchLengthOfArgument": "",
      "allowPadding": false,
      "name": "IdColumn",
      "alternateNames": [],
      "isRequired": true,
      "rDescription": "Specifies a column containing a unique identifier for each test point in the test set",
      "description": "Specifies a column containing a unique identifier for each test point in the test set",
      "datatype": "COLUMNS",
      "allowsLists": false,
      "rName": "id.column",
      "useInR": true,
      "rOrderNum": 3
    },
    {
      "targetTable": [
        "input"
      ],
      "checkDuplicate": false,
      "allowedTypes": [],
      "allowedTypeGroups": [
        "NUMERIC"
      ],
      "matchLengthOfArgument": "",
      "allowPadding": false,
      "name": "NumericInputs",
      "alternateNames": [],
      "isRequired": false,
      "rDescription": "Specifies the names of the columns that contain the numeric predictor variables. By default, the function gets these variables from the model generated by ta.forest_drive. If you specify this argument, you must specify it exactly as you specified it in the ta.forest_drive call that generated the model.",
      "description": "Specifies the names of the columns that contain the numeric predictor variables. By default, the function gets these variables from the model generated by Forest_Drive. If you specify this argument, you must specify it exactly as you specified it in the Forest_Drive call that generated the model.",
      "datatype": "COLUMNS",
      "allowsLists": true,
      "rName": "numeric.inputs",
      "useInR": true,
      "rOrderNum": -1
    },
    {
      "targetTable": [
        "input"
      ],
      "checkDuplicate": false,
      "allowedTypes": [],
      "allowedTypeGroups": [
        "ALL"
      ],
      "matchLengthOfArgument": "",
      "allowPadding": false,
      "name": "CategoricalInputs",
      "alternateNames": [],
      "isRequired": false,
      "rDescription": "Specifies the names of the columns that contain the categorical predictor variables. By default, the function gets these variables from the model generated by ta.forest_drive. If you specify this argument, you must specify it exactly as you specified it in the ta.forest_drive call that generated the model.",
      "description": "Specifies the names of the columns that contain the categorical predictor variables. By default, the function gets these variables from the model generated by Forest_Drive. If you specify this argument, you must specify it exactly as you specified it in the Forest_Drive call that generated the model.",
      "datatype": "COLUMNS",
      "allowsLists": true,
      "rName": "categorical.inputs",
      "useInR": true,
      "rOrderNum": -2
    },
    {
      "targetTable": [
        "input"
      ],
      "checkDuplicate": true,
      "allowedTypes": [],
      "allowedTypeGroups": [
        "ALL"
      ],
      "matchLengthOfArgument": "",
      "allowPadding": false,
      "name": "Accumulate",
      "alternateNames": [],
      "isRequired": false,
      "rDescription": "Specifies the names of the input columns to copy to the output table.",
      "description": "Specifies the names of the input columns to copy to the output table.",
      "datatype": "COLUMNS",
      "allowsLists": true,
      "rName": "terms",
      "useInR": true,
      "rOrderNum": 5
    },
    {
      "defaultValue": false,
      "name": "Detailed",
      "alternateNames": [],
      "isRequired": false,
      "rDescription": "Specifies whether to output detailed information about the forest trees; that is, the decision tree and the specific tree information, including task index and tree index for each tree. The default value is 'false'.",
      "description": "Specifies whether to output detailed information about the forest trees; that is, the decision tree and the specific tree information, including task index and tree index for each tree. The default value is 'false'.",
      "datatype": "BOOLEAN",
      "allowsLists": false,
      "rName": "detailed",
      "useInR": true,
      "rOrderNum": 4
    }
  ]
}
