{
  "json_schema_major_version": "1",
  "json_schema_minor_version": "2",
  "json_content_version": "1",
  "function_name": "DistnmatchMultipleInput",
  "function_version": "1.4",
  "function_type": "non-driver",
  "function_alias_name": "DistributionMatchMultiInput",
  "function_r_name": "aa.distnmatch",
  "short_description": "This function tests the hypothesis that the sample is drawn from the reference distribution.",
  "long_description": "This function tests the hypothesis that the sample is drawn from the reference distribution. It carries out up to four tests simultaneously: Anderson-Darling test, Kolmogorov-Smirnov test, Cramer-von Mises criterion, and Pearson's Chi-squared test. It computes the intermediate results and passes them to the reduce function.",
  "function_operation": "map",
  "input_tables": [
    {
      "requiredInputKind": [
        "PartitionByAny",
        "PartitionByKey"
      ],
      "isOrdered": false,
      "partitionByOne": false,
      "name": "InputTable",
      "alternateNames": [
        "input"
      ],
      "isRequired": true,
      "rDescription": "The input table consists of an arbitrary number of grouping columns and a single value column that contains the dataset to be matched to the specified distribution",
      "description": "The input table consists of an arbitrary number of grouping columns and a single value column that contains the dataset to be matched to the specified distribution",
      "datatype": "TABLE_ALIAS",
      "allowsLists": false,
      "rName": "data",
      "useInR": true,
      "rOrderNum": 1
    },
    {
      "requiredInputKind": [
        "PartitionByKey",
        "Dimension"
      ],
      "isOrdered": false,
      "partitionByOne": false,
      "name": "GroupStatistics",
      "alternateNames": [
        "groupstats"
      ],
      "isRequired": true,
      "rDescription": "Group stats table",
      "description": "Group stats table",
      "datatype": "TABLE_ALIAS",
      "allowsLists": false,
      "rName": "groupstats.data",
      "useInR": true,
      "rOrderNum": 2
    }
  ],
  "argument_clauses": [
    {
      "targetTable": [
        "input"
      ],
      "checkDuplicate": true,
      "allowedTypes": [],
      "allowedTypeGroups": [
        "ALL"
      ],
      "requiredLength": 1,
      "matchLengthOfArgument": "",
      "allowPadding": true,
      "name": "TargetColumn",
      "alternateNames": [
        "ValueColumn"
      ],
      "isRequired": true,
      "rDescription": "Specifies the name of the input table column that contains the values of the sample data set.",
      "description": "Specifies the name of the input table column that contains the values of the sample data set.",
      "datatype": "COLUMNS",
      "allowsLists": false,
      "rName": "value.column",
      "useInR": true,
      "rOrderNum": 3
    },
    {
      "targetTable": [
        "input"
      ],
      "checkDuplicate": true,
      "allowedTypes": [],
      "allowedTypeGroups": [
        "ALL"
      ],
      "matchLengthOfArgument": "",
      "allowPadding": true,
      "name": "GroupByColumns",
      "alternateNames": [],
      "isRequired": false,
      "rDescription": "Specifies the names of the input table columns that contain the group identifications over which to run the test. The function can run multiple tests for different partitions of the data in parallel. ",
      "description": " Specify the names of the input table columns that contain the group identifications over which to run the test. The function can run multiple tests for different partitions of the data in parallel. If you omit this argument, specify PARTITION BY 1 and omit the GROUP BY clause in the second ON clause.",
      "datatype": "COLUMNS",
      "allowsLists": true,
      "rName": "group.by.columns",
      "useInR": true,
      "rOrderNum": 6
    },
    {
      "permittedValues": [],
      "isOutputColumn": false,
      "matchLengthOfArgument": "",
      "allowPadding": true,
      "name": "Tests",
      "alternateNames": [],
      "isRequired": false,
      "rDescription": "Specifies one to four tests to perform. A test can be: 'KS' (Kolmogorov-Smirnov test), 'CvM' (Cram\u00e9r-von Mises criterion), 'AD' (Anderson-Darling test), 'CHISQ' (Pearson's Chi-squared test). By default, the function runs all of the preceding tests.",
      "description": " Specify one to three tests to perform: test Description 'KS' Kolmogorov-Smirnov test. 'AD' Anderson-Darling test. 'CHISQ' Pearson's Chi-squared test. Default: All tests",
      "datatype": "STRING",
      "allowsLists": true,
      "rName": "tests",
      "useInR": true,
      "rOrderNum": 4
    },
    {
      "permittedValues": [],
      "isOutputColumn": false,
      "matchLengthOfArgument": "",
      "allowPadding": true,
      "name": "Distributions",
      "alternateNames": [],
      "isRequired": false,
      "rDescription": "Specifies the reference distributions and their parameters. All distributions must be continuous or all must be discrete. The possible distribution and parameters values for continuous distributions. The possible distribution and parameters values for continuous distributions are in Table.  For discrete distributions: BINOMIAL, GEOMETRIC, NEGATIVEBINOMIAL, and POISSON distributions are on N={0,1,2,...}, UNIFORMDISCRETE distribution is on events, which are represented by integers.",
      "description": " Specify the reference distributions (which must be continuous) and their parameters. The possible distribution and parameters values for continuous distributions are in the table, Continuous Distributions and Parameters, in Hypothesis-Test Mode Arguments. Default: All of these distributions: Beta Cauchy CHISQ Exponential F Gamma Lognormal Normal T Triangular Uniformcontinuous Weibull",
      "datatype": "STRING",
      "allowsLists": true,
      "rName": "distributions",
      "useInR": true,
      "rOrderNum": 5
    },
    {
      "defaultValue": 50,
      "lowerBound": 0,
      "upperBound": 2147483647,
      "lowerBoundType": "EXCLUSIVE",
      "upperBoundType": "INCLUSIVE",
      "allowNaN": false,
      "name": "MinGroupSize",
      "alternateNames": [],
      "isRequired": false,
      "rDescription": "Specifies the minimum group size. The function ignores groups smaller than the minimum size when calculating statistics. The default value is 50.",
      "description": " Specify the minimum group size. The function ignores groups smaller than the minimum size when calculating statistics. Default: 50",
      "datatype": "INTEGER",
      "allowsLists": false,
      "rName": "min.group.size",
      "useInR": true,
      "rOrderNum": 7
    },
    {
      "defaultValue": 10,
      "lowerBound": 0,
      "upperBound": 2147483647,
      "lowerBoundType": "EXCLUSIVE",
      "upperBoundType": "INCLUSIVE",
      "allowNaN": false,
      "name": "NumCell",
      "alternateNames": [],
      "isRequired": false,
      "rDescription": "Specifies the number of cells that you want to make discrete in a continuous distribution. The cell_size must be greater than 3 if distribution is NORMAL; otherwise, it must be greater than 1. The quotient min_group_size/cell_size cannot be less than 5. The default value is 10.",
      "description": " Specify the number of cells to make discrete in a continuous distribution. The cell_size must be greater than 3 if distribution is NORMAL; otherwise, it must be greater than 1. The quotient min_group_size / cell_size cannot be less than 5. Note: If you specify NumCell, you must specify 'CHISQ' in the Tests argument. Default: 10",
      "datatype": "INTEGER",
      "allowsLists": false,
      "rName": "num.cell",
      "useInR": true,
      "rOrderNum": 8
    },
    {
      "permittedValues": [],
      "isOutputColumn": false,
      "matchLengthOfArgument": "",
      "allowPadding": true,
      "name": "UniqueId",
      "alternateNames": [
        "SequenceInputBy"
      ],
      "isRequired": false,
      "rDescription": "Specifies the LIST_VECTOR of column(s) that uniquely identifies each row of the input argument INPUT_ARG_NAME. The argument is used to ensure deterministic results for functions which produce results that vary from run to run.",
      "description": "Specifies the input column(s) that uniquely identify each row of input table. The format is 'input1:c1' where input1 refers to the alias used by the input table that contains such column named c1.",
      "datatype": "STRING",
      "allowsLists": true,
      "rName": "sequence.column",
      "useInR": true,
      "rOrderNum": 50
    }
  ]
}