{
  "json_schema_major_version": "1",
  "json_schema_minor_version": "2",
  "json_content_version": "1",
  "function_name": "GLMPredict",
  "function_version": "1.11",
  "function_type": "non-driver",
  "function_alias_name": "GLMPredict",
  "function_r_name": "aa.glm.predict",
  "ref_function_r_name": "aa.glm",
  "short_description": "This function gives score according to generalized linear model.",
  "long_description": "The GLMPredict function uses the model output by the function GLM to perform generalized linear model prediction on new input data. This function can be used with real-time applications. See AMLGenerator.",
  "input_tables": [
    {
      "requiredInputKind": [
        "PartitionByAny"
      ],
      "isOrdered": false,
      "partitionByOne": false,
      "name": "input",
      "alternateNames": [],
      "isRequired": true,
      "rDescription": "Specifies the table containing the input data.",
      "description": "Specifies the table containing the input data.",
      "datatype": "TABLE_ALIAS",
      "allowsLists": false,
      "rName": "newdata",
      "useInR": true,
      "rOrderNum": 2
    },
    {
      "requiredInputKind": [
        "Dimension"
      ],
      "isOrdered": false,
      "partitionByOne": false,
      "name": "model",
      "alternateNames": [],
      "isRequired": false,
      "rDescription": "Specifies the table containing the model data.",
      "description": "Specifies the table containing the model data.",
      "datatype": "TABLE_ALIAS",
      "allowsLists": false,
      "rName": "modeldata",
      "useInR": true,
      "rOrderNum": 1
    }
  ],
  "argument_clauses": [
    {
      "targetTable": [
        "input"
      ],
      "checkDuplicate": false,
      "allowedTypes": [],
      "allowedTypeGroups": [
        "ALL"
      ],
      "matchLengthOfArgument": "",
      "allowPadding": true,
      "name": "Accumulate",
      "alternateNames": [],
      "isRequired": false,
      "rDescription": "Specifies the names of input table columns to copy to the output table.",
      "description": " Specify the names of input table columns to copy to the output table.",
      "datatype": "COLUMNS",
      "allowsLists": true,
      "rName": "terms",
      "useInR": true,
      "rOrderNum": 3
    },
    {
      "permittedValues": [
        "LOGISTIC",
        "BINOMIAL",
        "POISSON",
        "GAUSSIAN",
        "GAMMA",
        "INVERSE_GAUSSIAN",
        "NEGATIVE_BINOMIAL"
      ],
      "isOutputColumn": false,
      "name": "Family",
      "alternateNames": [],
      "isRequired": false,
      "rDescription": "Specifies the distribution exponential family. The default value is read from model table. If you specify this argument, you must give it the same value that you used for the Family argument of the function  when you generated the model table.",
      "description": " Specify the distribution exponential family. Note: If you specify this argument, you must give it the same value that you used for the Family argument of the function GLM when you created the model table. Default: Read from the model table",
      "datatype": "STRING",
      "allowsLists": false,
      "rName": "family",
      "useInR": true,
      "rOrderNum": 4
    },
    {
      "permittedValues": [
        "CANONICAL",
        "IDENTITY",
        "INVERSE",
        "LOG",
        "COMPLEMENTARY_LOG_LOG",
        "SQUARE_ROOT",
        "INVERSE_MU_SQUARED",
        "LOGIT",
        "PROBIT",
        "CAUCHIT"
      ],
      "defaultValue": "CANONICAL",
      "isOutputColumn": false,
      "name": "LinkFunction",
      "alternateNames": [
        "Link"
      ],
      "isRequired": false,
      "rDescription": "The default value is 'CANONICAL'. The canonical link functions (default link functions) and the link functions that are allowed for each exponential family Note: Use the same value that you used for the Link argument of the function  when you generated the model table.",
      "description": " Specify the link function. For the canonical link functions (default link functions) and the link functions allowed for each exponential family, see Supported Family/Link Function Combinations. Note: If you specify this argument, you must give it the same value that you used for the LinkFunction argument of the function GLM when you created the model table. Default: 'CANONICAL'",
      "datatype": "STRING",
      "allowsLists": false,
      "rName": "linkfunction",
      "useInR": true,
      "rOrderNum": 5
    },
    {
      "permittedValues": [],
      "isOutputColumn": false,
      "matchLengthOfArgument": "",
      "allowPadding": true,
      "name": "UniqueId",
      "alternateNames": [
        "SequenceInputBy"
      ],
      "isRequired": false,
      "rDescription": "Specifies the LIST_VECTOR of column(s) that uniquely identifies each row of the input argument INPUT_ARG_NAME. The argument is used to ensure deterministic results for functions which produce results that vary from run to run.",
      "description": "Specifies the input column(s) that uniquely identify each row of input table. The format is 'input1:c1' where input1 refers to the alias used by the input table that contains such column named c1.",
      "datatype": "STRING",
      "allowsLists": true,
      "rName": "sequence.column",
      "useInR": true,
      "rOrderNum": 50
    }
  ]
}