{
  "json_schema_major_version": "1",
  "json_schema_minor_version": "2",
  "json_content_version": "1",
  "function_name": "KMeans",
  "function_version": "1.14",
  "function_type": "driver",
  "function_alias_name": "KMeans",
  "function_r_name": "aa.kmeans",
  "short_description": "Performs K-Means clustering on a data set",
  "long_description": "The KMeans function takes a data set and outputs the centroids of its clusters and, optionally, the clusters themselves. The This is the algorithm: Although the procedure always terminates, the",
  "input_tables": [
    {
      "requiredInputKind": [],
      "isOrdered": false,
      "partitionByOne": false,
      "name": "InputTable",
      "alternateNames": [],
      "isRequired": true,
      "rDescription": "Input table is the table containing the list of features by which we are clustering the data.",
      "description": "Input table is the table containing the list of features by which we are clustering the data.",
      "datatype": "TABLE_NAME",
      "allowsLists": false,
      "rName": "data",
      "useInR": true,
      "rOrderNum": 1
    },
    {
      "requiredInputKind": [],
      "isOrdered": false,
      "partitionByOne": false,
      "name": "CentroidsTable",
      "alternateNames": [],
      "isRequired": false,
      "rDescription": "The table that contains the initial seed means for the clusters. The schema of the centroids table depends on the value of the unpack.columns argument. Note: With centroids.table, the function uses a deterministic algorithm and the function supports up to 1596 dimensions.",
      "description": "The table that contains the initial seed means for the clusters. The schema of the centroids table depends on the value of the UnpackColumns argument. Note: With CentroidsTable, the function uses a deterministic algorithm and the function supports up to 1596 dimensions.",
      "datatype": "TABLE_NAME",
      "allowsLists": false,
      "rName": "centroids.table",
      "useInR": true,
      "rOrderNum": 7
    }
  ],
  "output_tables": [
    {
      "isOutputTable": true,
      "name": "OutputTable",
      "alternateNames": [],
      "isRequired": true,
      "rDescription": "Specifies the name of the table in which to output the centroids of the clusters.",
      "description": "Specify the name of the table of cluster centroids.",
      "datatype": "TABLE_NAME",
      "allowsLists": false,
      "rName": "clusters.centroids",
      "useInR": true,
      "rOrderNum": 100
    },
    {
      "isOutputTable": true,
      "name": "ClusterAssignmentTable",
      "alternateNames": [
        "ClusteredOutput"
      ],
      "isRequired": false,
      "rDescription": " Specifies the name of the table in which to store the clustered output. If you omit this argument, the function does not generate a table of clustered output.",
      "description": " Specifies the name of the table in which to store the clustered output. If you omit this argument, the function does not generate a table of clustered output.",
      "datatype": "TABLE_NAME",
      "allowsLists": false,
      "rName": "clustered.output",
      "useInR": true,
      "rOrderNum": 101
    }
  ],
  "argument_clauses": [
    {
      "permittedValues": [],
      "isOutputColumn": false,
      "matchLengthOfArgument": "",
      "allowPadding": true,
      "name": "InitialSeeds",
      "alternateNames": [],
      "isRequired": false,
      "rDescription": "Specifies the initial seed means as strings of underscore-delimited DOUBLE PRECISION values. For example, this clause initializes eight clusters in eight-dimensional space: Means('50_50_50_50_50_50_50_50', '150_150_150_150_150_150_150_150', '250_250_250_250_250_250_250_250', '350_350_350_350_350_350_350_350', '450_450_450_450_450_450_450_450', '550_550_550_550_550_550_550_550', '650_650_650_650_650_650_650_650', '750_750_750_750_750_750_750_750') The dimensionality of the means must match the dimensionality of the data (that is, each mean must have n numbers in it, where n is the number of input columns minus one). By default, the algorithm chooses the initial seed means randomly. Note: With initial.seeds, the function uses a deterministic algorithm and the function supports up to 1596 dimensions.",
      "description": " Specify the initial seed means as strings of underscore-delimited DOUBLE PRECISION values. For example, this clause initializes eight clusters in eight-dimensional space: The dimensionality of the means must match the dimensionality of the data (that is, each mean must have n numbers in it, where n is the number of input columns minus one). Default behavior: The algorithm chooses the initial seed means randomly. Note: With InitialSeeds, the function uses a deterministic algorithm and the function supports up to 1596 dimensions.",
      "datatype": "STRING",
      "allowsLists": true,
      "rName": "initial.seeds",
      "useInR": true,
      "rOrderNum": 4
    },
    {
      "lowerBound": 0,
      "upperBound": 2147483647,
      "lowerBoundType": "EXCLUSIVE",
      "upperBoundType": "INCLUSIVE",
      "allowNaN": false,
      "name": "NumClusters",
      "alternateNames": [],
      "isRequired": false,
      "rDescription": " Specifies the number of clusters to generate from the data. Note: With centers, the function uses a nondeterministic algorithm and the function supports up to 1543 dimensions.",
      "description": " Specify the number of clusters to create from the data. Note: With NumClusters, the function uses a nondeterministic algorithm and the function supports up to 1543 dimensions (for more information, see Nondeterministic Results).",
      "datatype": "INTEGER",
      "allowsLists": false,
      "rName": "centers",
      "useInR": true,
      "rOrderNum": 2
    },
    {
      "defaultValue": 0.0395,
      "lowerBound": 0,
      "upperBound": Infinity,
      "lowerBoundType": "INCLUSIVE",
      "upperBoundType": "INCLUSIVE",
      "allowNaN": false,
      "name": "StopThreshold",
      "alternateNames": [
        "Threshold"
      ],
      "isRequired": false,
      "rDescription": " Specifies the convergence threshold. When the centroids move by less than this amount, the algorithm has converged. The default value is 0.0395.",
      "description": " Specify the convergence threshold. When the centroids move by less than this amount, the algorithm has converged. Default: 0.0395",
      "datatype": "DOUBLE",
      "allowsLists": false,
      "rName": "threshold",
      "useInR": true,
      "rOrderNum": 8
    },
    {
      "defaultValue": 10,
      "rDefaultValue": 10,
      "lowerBound": 0,
      "upperBound": 2147483647,
      "lowerBoundType": "EXCLUSIVE",
      "upperBoundType": "INCLUSIVE",
      "allowNaN": false,
      "name": "MaxIterNum",
      "alternateNames": [],
      "isRequired": false,
      "rDescription": "Specifies the maximum number of iterations that the algorithm runs before quitting if the convergence threshold has not been met. The default value is 10.",
      "description": " Specify the maximum number of iterations that the algorithm runs before quitting if the convergence threshold has not been met. Default: 10",
      "datatype": "INTEGER",
      "allowsLists": false,
      "rName": "iter.max",
      "useInR": true,
      "rOrderNum": 3
    },
    {
      "defaultValue": false,
      "name": "UnpackColumns",
      "alternateNames": [],
      "isRequired": false,
      "rDescription": "Specifies whether the means for each centroid appear unpacked (that is, in separate columns) in output_table. By default, the function concatenates the means for the centroids and outputs the result in a single VARCHAR column.",
      "description": " Specify whether the means for each centroid appear unpacked (that is, in separate columns) in output_table . Default: 'false' (The function concatenates the means for the centroids and outputs the result in a single VARCHAR column.)",
      "datatype": "BOOLEAN",
      "allowsLists": false,
      "rName": "unpack.columns",
      "useInR": true,
      "rOrderNum": 6
    },
    {
      "lowerBound": 0,
      "upperBound": 2147483647,
      "lowerBoundType": "INCLUSIVE",
      "upperBoundType": "INCLUSIVE",
      "allowNaN": false,
      "name": "Seed",
      "alternateNames": [],
      "isRequired": false,
      "rDescription": "Sets a random seed for the algorithm.",
      "description": " Specify the random seed the algorithm uses for repeatable results. The algorithm uses the seed to randomly sample the input table rows as initial clusters. The seed must be a nonnegative LONG value.",
      "datatype": "INTEGER",
      "allowsLists": false,
      "rName": "seed",
      "useInR": true,
      "rOrderNum": 5
    },
    {
      "permittedValues": [],
      "isOutputColumn": false,
      "matchLengthOfArgument": "",
      "allowPadding": true,
      "name": "UniqueId",
      "alternateNames": [
        "SequenceInputBy"
      ],
      "isRequired": false,
      "rDescription": "Specifies the LIST_VECTOR of column(s) that uniquely identifies each row of the input argument INPUT_ARG_NAME. The argument is used to ensure deterministic results for functions which produce results that vary from run to run.",
      "description": "Specifies the input column(s) that uniquely identify each row of input table. The format is 'input1:c1' where input1 refers to the alias used by the input table that contains such column named c1.",
      "datatype": "STRING",
      "allowsLists": true,
      "rName": "sequence.column",
      "useInR": true,
      "rOrderNum": 50
    }
  ]
}