{
  "json_schema_major_version": "1",
  "json_schema_minor_version": "2",
  "json_content_version": "1",
  "function_name": "NEREvaluator",
  "function_version": "1.6",
  "function_type": "non-driver",
  "function_alias_name": "NEREvaluator",
  "function_r_name": "aa.ner.evaluate",
  "short_description": "Named Entity Recognition Evaluation SQL/MR function",
  "long_description": "The NEREvaluator function evaluates a CRF model (output by the function NERTrainer).",
  "input_tables": [
    {
      "requiredInputKind": [
        "PartitionByKey"
      ],
      "isOrdered": false,
      "partitionByOne": true,
      "name": "input",
      "alternateNames": [],
      "isRequired": true,
      "rDescription": "Specifies the name of the table that contains the input data.",
      "description": "Specifies the name of the table that contains the input data.",
      "datatype": "TABLE_ALIAS",
      "allowsLists": false,
      "rName": "data",
      "useInR": true,
      "rOrderNum": 1
    }
  ],
  "argument_clauses": [
    {
      "targetTable": [
        "input"
      ],
      "checkDuplicate": true,
      "allowedTypes": [],
      "allowedTypeGroups": [
        "ALL"
      ],
      "requiredLength": 1,
      "matchLengthOfArgument": "",
      "allowPadding": true,
      "name": "TextColumn",
      "alternateNames": [],
      "isRequired": true,
      "rDescription": "Specifies the name of the input table column that contains the text to analyze.",
      "description": "Specify the name of the input table column that contains the text to analyze.",
      "datatype": "COLUMNS",
      "allowsLists": false,
      "rName": "text.coloumn",
      "useInR": true,
      "rOrderNum": 2
    },
    {
      "permittedValues": [],
      "isOutputColumn": false,
      "name": "InputModelFile",
      "alternateNames": [
        "Model",
        "ModelFile"
      ],
      "isRequired": true,
      "rDescription": "Specifies the CRF model file to evaluate, generated by \u201cta.nertrainer\u201d. If you specified the extractor.jar argument in the ta.nertrainer call that generated model_file, then you must specify the same jar_file in this argument. You must install model_file and jar_file in Aster Database under the user search path before calling the ta.ner function. Note: The names model_file and jar_file are case-sensitive.",
      "description": "Specifies the CRF model file to evaluate, generated by \u201cNERTrainer\u201d. If you specified the ExtractorJAR argument in the NERTrainer call that generated model_file, then you must specify the same jar_file in this argument. You must install model_file and jar_file in Aster Database under the user search path before calling the NER function. Note: The names model_file and jar_file are case-sensitive.",
      "datatype": "STRING",
      "allowsLists": false,
      "rName": "model",
      "useInR": true,
      "rOrderNum": 3
    },
    {
      "permittedValues": [
        "en",
        "zh_CN",
        "zh_TW"
      ],
      "defaultValue": "en",
      "isOutputColumn": false,
      "name": "InputLanguage",
      "alternateNames": [
        "Language"
      ],
      "isRequired": false,
      "rDescription": "Specifies the language of the input text: \u2022 en (English, the default) \u2022 zh_CN (Simplified Chinese) \u2022 zh_TW (Traditional Chinese)",
      "description": " Specify the language of the input text: Option Description 'en' (Default) English 'zh_CN' Simplified Chinese 'zh_TW' Traditional Chinese",
      "datatype": "STRING",
      "allowsLists": false,
      "rName": "language",
      "useInR": true,
      "rOrderNum": 4
    },
    {
      "permittedValues": [],
      "isOutputColumn": false,
      "matchLengthOfArgument": "",
      "allowPadding": true,
      "name": "UniqueId",
      "alternateNames": [
        "SequenceInputBy"
      ],
      "isRequired": false,
      "rDescription": "Specifies the LIST_VECTOR of column(s) that uniquely identifies each row of the input argument INPUT_ARG_NAME. The argument is used to ensure deterministic results for functions which produce results that vary from run to run.",
      "description": "Specifies the input column(s) that uniquely identify each row of input table. The format is 'input1:c1' where input1 refers to the alias used by the input table that contains such column named c1.",
      "datatype": "STRING",
      "allowsLists": true,
      "rName": "sequence.column",
      "useInR": true,
      "rOrderNum": 50
    }
  ]
}