{
  "json_schema_major_version": "1",
  "json_schema_minor_version": "2",
  "json_content_version": "1",
  "function_name": "Path_Generator",
  "function_version": "1.7",
  "function_type": "non-driver",
  "function_alias_name": "PathGenerator",
  "function_r_name": "aa.path.generator",
  "short_description": "Generates the subsequences for the paths provided",
  "long_description": " This function takes as input a sequence stored in row and generates all subsequences. This input could come from the result of an nPath query or if the data is already stored in a sequence",
  "input_tables": [
    {
      "requiredInputKind": [
        "PartitionByAny"
      ],
      "isOrdered": false,
      "partitionByOne": false,
      "name": "input",
      "alternateNames": [],
      "isRequired": true,
      "rDescription": "The name of the table containing the input data.",
      "description": "The name of the table containing the input data.",
      "datatype": "TABLE_ALIAS",
      "allowsLists": false,
      "rName": "data",
      "useInR": true,
      "rOrderNum": 1
    }
  ],
  "argument_clauses": [
    {
      "targetTable": [
        "input"
      ],
      "checkDuplicate": true,
      "allowedTypes": [],
      "allowedTypeGroups": [
        "STRING"
      ],
      "requiredLength": 1,
      "matchLengthOfArgument": "",
      "allowPadding": true,
      "name": "SeqColumn",
      "alternateNames": [],
      "isRequired": true,
      "rDescription": "Specifies the name of the input table column that contains the paths.",
      "description": "Specify the name of the input table column that contains the paths.",
      "datatype": "COLUMNS",
      "allowsLists": false,
      "rName": "seq.column",
      "useInR": true,
      "rOrderNum": 2
    },
    {
      "permittedValues": [],
      "defaultValue": ",",
      "isOutputColumn": false,
      "name": "Delimiter",
      "alternateNames": [],
      "isRequired": false,
      "rDescription": " Specifies the single-character delimiter that separates symbols in the path string. The default value is comma (','). Note: Do not use any of the following characters as delimiter (they cause the function to fail): Asterisk (*), Plus (+), Left parenthesis ((), Right parenthesis ()), Single quotation mark ('), Escaped single quotation mark ('), Backslash ('')",
      "description": " Specify the single-character delimiter that separates symbols in the path string. Note: Do not use any of the following characters as delimiter (they cause the function to fail): Asterisk ( * ) Plus ( + ) Left parenthesis ( ( ) Right parenthesis ( ) ) Single quotation mark ( ' ) Escaped single quotation mark ( \\' ) Backslash ( \\ ) Default: ',' (comma)",
      "datatype": "STRING",
      "allowsLists": false,
      "rName": "delimiter",
      "useInR": true,
      "rOrderNum": 3
    },
    {
      "permittedValues": [],
      "isOutputColumn": false,
      "matchLengthOfArgument": "",
      "allowPadding": true,
      "name": "UniqueId",
      "alternateNames": [
        "SequenceInputBy"
      ],
      "isRequired": false,
      "rDescription": "Specifies the LIST_VECTOR of column(s) that uniquely identifies each row of the input argument INPUT_ARG_NAME. The argument is used to ensure deterministic results for functions which produce results that vary from run to run.",
      "description": "Specifies the input column(s) that uniquely identify each row of input table. The format is 'input1:c1' where input1 refers to the alias used by the input table that contains such column named c1.",
      "datatype": "STRING",
      "allowsLists": true,
      "rName": "sequence.column",
      "useInR": true,
      "rOrderNum": 50
    }
  ]
}