{
  "json_schema_major_version": "1",
  "json_schema_minor_version": "2",
  "json_content_version": "1",
  "function_name": "Percentile",
  "function_version": "1.3",
  "function_type": "non-driver",
  "function_alias_name": "Percentiles",
  "function_r_name": "aa.percentile",
  "short_description": "This analytical function can be used to find percentiles on a per group basis.",
  "long_description": "This function generates the exact percentiles for a group of numbers. This function works well when the number of groups is big (in the order of > 100s of thousands) and each group is small enough to fit in memory (in the order of 10s of thousands). The exact number depends on the cluster configuration.",
  "input_tables": [
    {
      "requiredInputKind": [
        "PartitionByKey"
      ],
      "isOrdered": false,
      "partitionByOne": false,
      "name": "input",
      "alternateNames": [],
      "isRequired": true,
      "rDescription": "The table defining the data on which percentages will be calculated.",
      "description": "The table defining the data on which percentages will be calculated.",
      "datatype": "TABLE_ALIAS",
      "allowsLists": false,
      "rName": "data",
      "useInR": true,
      "rOrderNum": 1
    }
  ],
  "argument_clauses": [
    {
      "targetTable": [
        "input"
      ],
      "checkDuplicate": true,
      "allowedTypes": [],
      "allowedTypeGroups": [
        "NUMERIC"
      ],
      "matchLengthOfArgument": "",
      "allowPadding": true,
      "name": "TargetColumns",
      "alternateNames": [],
      "isRequired": true,
      "rDescription": " Specifies the names of the columns that contain the groups of numbers whose percentiles are to be generated.",
      "description": "Specify the names of the columns that contain the groups of numbers whose percentiles are to be created.",
      "datatype": "COLUMNS",
      "allowsLists": true,
      "rName": "target.columns",
      "useInR": true,
      "rOrderNum": 3
    },
    {
      "targetTable": [
        "input"
      ],
      "checkDuplicate": true,
      "allowedTypes": [],
      "allowedTypeGroups": [
        "ALL"
      ],
      "matchLengthOfArgument": "",
      "allowPadding": true,
      "name": "GroupByColumns",
      "alternateNames": [
        "GroupColumns"
      ],
      "isRequired": false,
      "rDescription": " Specifies the names of the columns to copy to the output table. Typically, the list of group columns is the same as the list of partition columns.",
      "description": " Specifies the names of the columns to copy to the output table. Typically, the list of group columns is the same as the list of partition columns.",
      "datatype": "COLUMNS",
      "allowsLists": true,
      "rName": "group.columns",
      "useInR": true,
      "rOrderNum": 4
    },
    {
      "lowerBound": 0,
      "upperBound": 100,
      "lowerBoundType": "INCLUSIVE",
      "upperBoundType": "INCLUSIVE",
      "allowNaN": false,
      "matchLengthOfArgument": "",
      "allowPadding": true,
      "name": "Percentile",
      "alternateNames": [],
      "isRequired": true,
      "rDescription": "Specifies the percentiles for the function to generate.",
      "description": "Specify the percentiles for the function to create.",
      "datatype": "DOUBLE",
      "allowsLists": true,
      "rName": "percentile",
      "useInR": true,
      "rOrderNum": 2
    },
    {
      "permittedValues": [],
      "isOutputColumn": false,
      "matchLengthOfArgument": "",
      "allowPadding": true,
      "name": "UniqueId",
      "alternateNames": [
        "SequenceInputBy"
      ],
      "isRequired": false,
      "rDescription": "Specifies the LIST_VECTOR of column(s) that uniquely identifies each row of the input argument INPUT_ARG_NAME. The argument is used to ensure deterministic results for functions which produce results that vary from run to run.",
      "description": "Specifies the input column(s) that uniquely identify each row of input table. The format is 'input1:c1' where input1 refers to the alias used by the input table that contains such column named c1.",
      "datatype": "STRING",
      "allowsLists": true,
      "rName": "sequence.column",
      "useInR": true,
      "rOrderNum": 50
    }
  ]
}