{
  "json_schema_major_version": "1",
  "json_schema_minor_version": "2",
  "json_content_version": "1",
  "function_name": "RandomWalkSample",
  "function_version": "1.6",
  "function_type": "driver",
  "function_alias_name": "RandomWalkSample",
  "function_r_name": "aa.random.walk.sample",
  "short_description": "Graph Random Walk Sample function.",
  "long_description": "The RandomWalkSample function takes an input graph (which is typically large) and outputs a sample graph.",
  "input_tables": [
    {
      "requiredInputKind": [
        "PartitionByKey"
      ],
      "isOrdered": false,
      "partitionByOne": false,
      "name": "vertices",
      "alternateNames": [],
      "isRequired": true,
      "rDescription": "vertex table",
      "description": "vertex table",
      "datatype": "TABLE_ALIAS",
      "allowsLists": false,
      "rName": "vertices.data",
      "useInR": true,
      "rOrderNum": 1
    },
    {
      "requiredInputKind": [
        "PartitionByKey"
      ],
      "isOrdered": false,
      "partitionByOne": false,
      "name": "edges",
      "alternateNames": [],
      "isRequired": true,
      "rDescription": "edge table",
      "description": "edge table",
      "datatype": "TABLE_ALIAS",
      "allowsLists": false,
      "rName": "edges.data",
      "useInR": true,
      "rOrderNum": 2
    }
  ],
  "output_tables": [
    {
      "isOutputTable": true,
      "name": "VertexOutputTable",
      "alternateNames": [],
      "isRequired": false,
      "rDescription": "output vertex table",
      "description": "Specify the name of the vertex table.",
      "datatype": "TABLE_NAME",
      "allowsLists": false,
      "rName": "output.vertex.table",
      "useInR": true,
      "rOrderNum": 9
    },
    {
      "isOutputTable": true,
      "name": "EdgeOutputTable",
      "alternateNames": [],
      "isRequired": false,
      "rDescription": "output edge table",
      "description": "Specify the name of the edge table.",
      "datatype": "TABLE_NAME",
      "allowsLists": false,
      "rName": "output.edge.table",
      "useInR": true,
      "rOrderNum": 10
    }
  ],
  "argument_clauses": [
    {
      "targetTable": [
        "edges"
      ],
      "checkDuplicate": true,
      "allowedTypes": [],
      "allowedTypeGroups": [
        "ALL"
      ],
      "matchLengthOfArgument": "",
      "allowPadding": true,
      "name": "TargetKey",
      "alternateNames": [],
      "isRequired": true,
      "rDescription": "The names of the columns in the edges table that identify the target vertex of an edge. This set of columns must have the same schema as the vertex_attributes and source_vertex_attributes.",
      "description": "Specify the names of the columns in the edges table that identify the target vertex of an edge. This set of columns must have the same schema as the sets vertex_key_column [,...] and source_vertex_key_column [,...].",
      "datatype": "COLUMNS",
      "allowsLists": true,
      "rName": "target.key",
      "useInR": true,
      "rOrderNum": 3
    },
    {
      "targetTable": [
        "vertices"
      ],
      "checkDuplicate": true,
      "allowedTypes": [],
      "allowedTypeGroups": [
        "ALL"
      ],
      "matchLengthOfArgument": "",
      "allowPadding": true,
      "name": "Accumulate",
      "alternateNames": [],
      "isRequired": false,
      "rDescription": "The names of columns in the input vertex table (vertices) to copy to the output vertex table (vertex_table_name).",
      "description": " Specify the names of columns in the input vertex table (vertices) to copy to the output vertex table ( vertex_table ).",
      "datatype": "COLUMNS",
      "allowsLists": true,
      "rName": "accumulate",
      "useInR": true,
      "rOrderNum": 8
    },
    {
      "defaultValue": 0.15,
      "lowerBound": 0.0,
      "upperBound": 1.0,
      "lowerBoundType": "EXCLUSIVE",
      "upperBoundType": "EXCLUSIVE",
      "allowNaN": false,
      "name": "SampleRate",
      "alternateNames": [],
      "isRequired": false,
      "rDescription": "The sampling rate. This value must be in the range (0, 1.0). The default value is 0.15 (15%).",
      "description": " Specify the sampling rate. This value must be in the range (0, 1.0). Default: 0.15 (15%)",
      "datatype": "DOUBLE",
      "allowsLists": false,
      "rName": "sample.rate",
      "useInR": true,
      "rOrderNum": 4
    },
    {
      "defaultValue": 0.15,
      "lowerBound": 0.0,
      "upperBound": 1.0,
      "lowerBoundType": "EXCLUSIVE",
      "upperBoundType": "EXCLUSIVE",
      "allowNaN": false,
      "name": "FlybackRate",
      "alternateNames": [],
      "isRequired": false,
      "rDescription": "The chance, when visiting a vertex, of flying back to the starting vertex. This value must be in the range (0, 1.0). The default value is 0.15 (15%).",
      "description": " Specify the chance, when visiting a vertex, of flying back to the starting vertex. This value must be in the range (0, 1.0). Default: 0.15 (15%)",
      "datatype": "DOUBLE",
      "allowsLists": false,
      "rName": "flyback.rate",
      "useInR": true,
      "rOrderNum": 5
    },
    {
      "defaultValue": 1000,
      "lowerBound": -9223372036854775808,
      "upperBound": 9223372036854775807,
      "lowerBoundType": "INCLUSIVE",
      "upperBoundType": "INCLUSIVE",
      "allowNaN": false,
      "name": "Seed",
      "alternateNames": [],
      "isRequired": false,
      "rDescription": "The seed used to generate a series of random numbers for sample_rate, flyback_rate, and any random number used internally. Specifying this value guarantees that the function result is repeatable on the same cluster. The default value is 1000.",
      "description": " Specify the random seed the algorithm uses for repeatable results (for more information, see Nondeterministic Results). The algorithm uses the seed to create a series of random numbers, including sample_rate and flyback_rate . The seed must be a LONG value. Default: 1000",
      "datatype": "LONG",
      "allowsLists": false,
      "rName": "seed",
      "useInR": true,
      "rOrderNum": 6
    },
    {
      "permittedValues": [],
      "isOutputColumn": false,
      "matchLengthOfArgument": "",
      "allowPadding": true,
      "name": "UniqueId",
      "alternateNames": [
        "SequenceInputBy"
      ],
      "isRequired": false,
      "rDescription": "Specifies the LIST_VECTOR of column(s) that uniquely identifies each row of the input argument INPUT_ARG_NAME. The argument is used to ensure deterministic results for functions which produce results that vary from run to run.",
      "description": "Specifies the input column(s) that uniquely identify each row of input table. The format is 'input1:c1' where input1 refers to the alias used by the input table that contains such column named c1.",
      "datatype": "STRING",
      "allowsLists": true,
      "rName": "sequence.column",
      "useInR": true,
      "rOrderNum": 50
    }
  ]
}