{
  "json_schema_major_version": "1",
  "json_schema_minor_version": "2",
  "json_content_version": "1",
  "function_name": "RtChangePointDetection",
  "function_version": "1.3",
  "function_type": "non-driver",
  "function_alias_name": "ChangePointDetectionRT",
  "function_r_name": "aa.rt.changepoint.detection",
  "short_description": "RtChangePointDetection function detects change point for real time data.",
  "long_description": "RtChangePointDetection function detects change point for real time data.",
  "input_tables": [
    {
      "requiredInputKind": [
        "PartitionByKey"
      ],
      "isOrdered": true,
      "partitionByOne": false,
      "name": "input",
      "alternateNames": [],
      "isRequired": true,
      "rDescription": "This table defining the input time series data.",
      "description": "This table defining the input time series data.",
      "datatype": "TABLE_ALIAS",
      "allowsLists": false,
      "rName": "data",
      "useInR": true,
      "rOrderNum": 1
    }
  ],
  "argument_clauses": [
    {
      "targetTable": [
        "input"
      ],
      "checkDuplicate": true,
      "allowedTypes": [],
      "allowedTypeGroups": [
        "NUMERIC"
      ],
      "requiredLength": 1,
      "matchLengthOfArgument": "",
      "allowPadding": true,
      "name": "TargetColumn",
      "alternateNames": [
        "ValueColumn"
      ],
      "isRequired": true,
      "rDescription": "Specifies the name of the input table column that contains the time series data.",
      "description": "Specify the name of the input table column that contains the time series data.",
      "datatype": "COLUMNS",
      "allowsLists": false,
      "rName": "value.column",
      "useInR": true,
      "rOrderNum": 2
    },
    {
      "targetTable": [
        "input"
      ],
      "checkDuplicate": true,
      "allowedTypes": [],
      "allowedTypeGroups": [
        "ALL"
      ],
      "matchLengthOfArgument": "",
      "allowPadding": true,
      "name": "Accumulate",
      "alternateNames": [],
      "isRequired": false,
      "rDescription": "Specifies the names of the input table columns to copy to the output table. Tip: To identify change points in the output table, specify the columns that appear in partition_exp and order_by_exp",
      "description": "Specify the names of the input table columns to copy to the output table. Tip: To identify change points in the output table, specify the columns that appear in partition_exp and order_by_exp .",
      "datatype": "COLUMNS",
      "allowsLists": true,
      "rName": "accumulate",
      "useInR": true,
      "rOrderNum": 3
    },
    {
      "permittedValues": [
        "normal_distribution"
      ],
      "defaultValue": "normal_distribution",
      "isOutputColumn": false,
      "name": "SegmentationMethod",
      "alternateNames": [],
      "isRequired": false,
      "rDescription": "Specifies the segmentation method, normal distribution (in each segment, the data is in a normal distribution). This is the default and only possible value.",
      "description": " Specify the segmentation method, normal distribution (in each segment, the data is in a normal distribution).",
      "datatype": "STRING",
      "allowsLists": false,
      "rName": "segmentation.method",
      "useInR": true,
      "rOrderNum": 4
    },
    {
      "defaultValue": 10,
      "lowerBound": 2,
      "upperBound": 2147483647,
      "lowerBoundType": "EXCLUSIVE",
      "upperBoundType": "INCLUSIVE",
      "allowNaN": false,
      "name": "WindowSize",
      "alternateNames": [],
      "isRequired": false,
      "rDescription": "Specifies the size of the sliding window. The ideal window size depends heavily on the data. You might need to experiment with this value. The default value is 10.",
      "description": " Specify the size of the sliding window. The ideal window size depends heavily on the data. Experiment with this value. Default: 10",
      "datatype": "INTEGER",
      "allowsLists": false,
      "rName": " window.size",
      "useInR": true,
      "rOrderNum": 5
    },
    {
      "defaultValue": 10,
      "lowerBound": 0,
      "upperBound": Infinity,
      "lowerBoundType": "EXCLUSIVE",
      "upperBoundType": "INCLUSIVE",
      "allowNaN": false,
      "name": "ChangePointThreshold",
      "alternateNames": [
        "Threshold"
      ],
      "isRequired": false,
      "rDescription": "A double threshold value. Specifies a DOUBLE PRECISION value that the function compares to ln(L1)\u2212ln(L0). The definition of Log(L1) and Log(L0) are in \u201cBackground\u201d. They are the logarithms of L1 and L2. The default value is 10.",
      "description": " Specify a DOUBLE PRECISION value that the function compares to ln ( L 1 )\u2212 ln ( L 0 ). The definition of Log( L 1 ) and Log( L 0 ) are in ChangePointDetection.The definition of Log( L 1 ) and Log( L 0 ) are in the ChangePointDetection section of Change-Point Detection Functions in the Teradata Aster \u00ae Analytics Foundation User Guide . They are the logarithms of L 1 and L 0 . Default: 10",
      "datatype": "DOUBLE",
      "allowsLists": false,
      "rName": "threshold",
      "useInR": true,
      "rOrderNum": 6
    },
    {
      "permittedValues": [
        "changepoint",
        "segment",
        "verbose"
      ],
      "defaultValue": "CHANGEPOINT",
      "isOutputColumn": false,
      "name": "OutputType",
      "alternateNames": [
        "OutputOption"
      ],
      "isRequired": false,
      "rDescription": " Specifies the output table columns. The default value is 'CHANGEPOINT'.",
      "description": " Specify the output table columns. The schema of the output table is Change-Point Detection Functions Output Table Schema, OutputOption ('CHANGEPOINT') in ChangePointDetection Output. Default: 'CHANGEPOINT'",
      "datatype": "STRING",
      "allowsLists": false,
      "rName": "output.option",
      "useInR": true,
      "rOrderNum": 7
    },
    {
      "permittedValues": [],
      "isOutputColumn": false,
      "matchLengthOfArgument": "",
      "allowPadding": true,
      "name": "UniqueId",
      "alternateNames": [
        "SequenceInputBy"
      ],
      "isRequired": false,
      "rDescription": "Specifies the LIST_VECTOR of column(s) that uniquely identifies each row of the input argument INPUT_ARG_NAME. The argument is used to ensure deterministic results for functions which produce results that vary from run to run.",
      "description": "Specifies the input column(s) that uniquely identify each row of input table. The format is 'input1:c1' where input1 refers to the alias used by the input table that contains such column named c1.",
      "datatype": "STRING",
      "allowsLists": true,
      "rName": "sequence.column",
      "useInR": true,
      "rOrderNum": 50
    }
  ]
}