{
  "json_schema_major_version": "1",
  "json_schema_minor_version": "2",
  "json_content_version": "1",
  "function_name": "UnivariateStatistics",
  "function_version": "1.1",
  "function_type": "driver",
  "function_alias_name": "UnivariateStatistics",
  "function_r_name": "aa.univariateStatistics",
  "short_description": "This outputs descriptive statistics for local partitions.",
  "long_description": "The UnivariateStatistics function calculates descriptive statistics for a set of target columns.",
  "input_tables": [
    {
      "requiredInputKind": [],
      "isOrdered": false,
      "partitionByOne": false,
      "name": "InputTable",
      "alternateNames": [],
      "isRequired": true,
      "rDescription": "Specifies the input table.",
      "description": "Specifies the input table.",
      "datatype": "TABLE_NAME",
      "allowsLists": false,
      "rName": "inputTable",
      "useInR": true,
      "rOrderNum": 0
    }
  ],
  "output_tables": [
    {
      "isOutputTable": true,
      "name": "MomentsTableName",
      "alternateNames": [],
      "isRequired": false,
      "rDescription": "Specifies the table name for MOMENTS group of statistical measures.",
      "description": "[Required if StatisticsGroups argument is omitted or specifies 'moments' .] Specify the name for the output table that contains the moments.",
      "datatype": "TABLE_NAME",
      "allowsLists": false,
      "rName": "momentsTable",
      "useInR": true,
      "rOrderNum": 5
    },
    {
      "isOutputTable": true,
      "name": "BasicTableName",
      "alternateNames": [],
      "isRequired": false,
      "rDescription": "Specifies the table name for BASIC group of statistical measures.",
      "description": "[Required if StatisticsGroups argument is omitted or specifies 'basic' .] Specify the name for the output table that contains the basic statistics.",
      "datatype": "TABLE_NAME",
      "allowsLists": false,
      "rName": "basicTable",
      "useInR": true,
      "rOrderNum": 6
    },
    {
      "isOutputTable": true,
      "name": "QuantilesTableName",
      "alternateNames": [],
      "isRequired": false,
      "rDescription": "Specifies the table name for QUANTILES group of statistical measures.",
      "description": "[Required if StatisticsGroups argument is omitted or specifies 'quartiles' .] Specify the name for the output table that contains the quantiles.",
      "datatype": "TABLE_NAME",
      "allowsLists": false,
      "rName": "quantilesTable",
      "useInR": true,
      "rOrderNum": 7
    }
  ],
  "argument_clauses": [
    {
      "targetTable": [
        "InputTable"
      ],
      "checkDuplicate": true,
      "allowedTypes": [],
      "allowedTypeGroups": [
        "NUMERIC"
      ],
      "matchLengthOfArgument": "",
      "allowPadding": true,
      "name": "TargetColumns",
      "alternateNames": [],
      "isRequired": false,
      "rDescription": "Specifies input table columns that contain numeric values to calculate statistics for.",
      "description": " Specify the names of the input columns for which to compute statistics. Default: All numerical input columns",
      "datatype": "COLUMN_NAMES",
      "allowsLists": true,
      "rName": "targetColumns",
      "useInR": true,
      "rOrderNum": 1
    },
    {
      "targetTable": [
        "InputTable"
      ],
      "checkDuplicate": true,
      "allowedTypes": [],
      "allowedTypeGroups": [
        "ALL"
      ],
      "matchLengthOfArgument": "",
      "allowPadding": true,
      "name": "ExcludeColumns",
      "alternateNames": [],
      "isRequired": false,
      "rDescription": "Specifies table columns which should be ignored, the rest of numeric columns in the table will be used as target variables.",
      "description": " Specify the names of the input columns to exclude from statistics calculation.",
      "datatype": "COLUMN_NAMES",
      "allowsLists": true,
      "rName": "excludeColumns",
      "useInR": true,
      "rOrderNum": 2
    },
    {
      "targetTable": [
        "InputTable"
      ],
      "checkDuplicate": true,
      "allowedTypes": [],
      "allowedTypeGroups": [
        "STRING",
        "NUMERIC",
        "TIME"
      ],
      "matchLengthOfArgument": "",
      "allowPadding": true,
      "name": "PartitionColumns",
      "alternateNames": [],
      "isRequired": false,
      "rDescription": "Specifies columns which define groups for which statistics is calculated.",
      "description": " Specify the names of the input columns on which to partition the input. The function copies these columns to the output table. Default behavior: The function treats all rows as a single partition.",
      "datatype": "COLUMN_NAMES",
      "allowsLists": true,
      "rName": "partitionColumns",
      "useInR": true,
      "rOrderNum": 4
    },
    {
      "permittedValues": [
        "MOMENTS",
        "BASIC",
        "QUANTILES"
      ],
      "isOutputColumn": false,
      "matchLengthOfArgument": "",
      "allowPadding": true,
      "name": "StatisticsGroups",
      "alternateNames": [
        "Statistics"
      ],
      "isRequired": false,
      "rDescription": "Specifying groups of statistical measures to include in the response.",
      "description": " Specify the group or groups of statistics to calculate: statistics_group Statistics to Calculate 'moments' Number of observations Sum Mean Variance Standard deviation Standard error Skewness Kurtosis Coefficient of variation Uncorrected sum of squares Corrected sum of squares 'basic' Number of observations Number of NULL values Number of positive, negative, and zero values Number of unique values Mode Median Mean Standard deviation Variance Range Interquartile range Harmonic mean Geometric mean Highest and lowest five values 'quantiles' Minimum and maximum values 1st, 5th, 10th, 25th, 50th, 75th, 90th, 95th, and 99th percentiles Default behavior: The function calculates all three groups of statistics.",
      "datatype": "STRING",
      "allowsLists": true,
      "rName": "statistics",
      "useInR": true,
      "rOrderNum": 3
    },
    {
      "permittedValues": [],
      "isOutputColumn": false,
      "matchLengthOfArgument": "",
      "allowPadding": true,
      "name": "UniqueId",
      "alternateNames": [
        "SequenceInputBy"
      ],
      "isRequired": false,
      "rDescription": "Specifies the LIST_VECTOR of column(s) that uniquely identifies each row of the input argument INPUT_ARG_NAME. The argument is used to ensure deterministic results for functions which produce results that vary from run to run.",
      "description": "Specifies the input column(s) that uniquely identify each row of input table. The format is 'input1:c1' where input1 refers to the alias used by the input table that contains such column named c1.",
      "datatype": "STRING",
      "allowsLists": true,
      "rName": "sequence.column",
      "useInR": true,
      "rOrderNum": 50
    }
  ]
}