{
  "json_schema_major_version": "1",
  "json_schema_minor_version": "2",
  "json_content_version": "1",
  "function_name": "Unpack",
  "function_version": "1.6",
  "function_type": "non-driver",
  "function_alias_name": "Unpack",
  "function_r_name": "aa.unpack",
  "short_description": "Utility for unpacking data that has been put into a single column.",
  "long_description": "The Unpack function unpacks data from a single packed column into multiple columns. The packed column is composed of multiple virtual columns, which become the output columns. To determine the virtual columns, the function must have either the delimiter that separates them in the packed column or their lengths. Unpack complements the function Pack, but you can use it on any packed column that meets the input requirements.",
  "input_tables": [
    {
      "requiredInputKind": [
        "PartitionByAny"
      ],
      "isOrdered": false,
      "partitionByOne": false,
      "name": "input",
      "alternateNames": [],
      "isRequired": true,
      "rDescription": "The table containing the input attributes.",
      "description": "The table containing the input attributes.",
      "datatype": "TABLE_ALIAS",
      "allowsLists": false,
      "rName": "data",
      "useInR": true,
      "rOrderNum": 1
    }
  ],
  "argument_clauses": [
    {
      "targetTable": [
        "input"
      ],
      "checkDuplicate": true,
      "allowedTypes": [],
      "allowedTypeGroups": [
        "STRING"
      ],
      "requiredLength": 1,
      "matchLengthOfArgument": "",
      "allowPadding": true,
      "name": "TargetColumn",
      "alternateNames": [
        "InputColumn"
      ],
      "isRequired": true,
      "rDescription": " Specifies the name of the input column that contains the packed data.",
      "description": "Specify the name of the input column that contains the packed data.",
      "datatype": "COLUMNS",
      "allowsLists": false,
      "rName": "input.column",
      "useInR": true,
      "rOrderNum": 2
    },
    {
      "permittedValues": [],
      "isOutputColumn": true,
      "matchLengthOfArgument": "",
      "allowPadding": true,
      "name": "OutputColumns",
      "alternateNames": [],
      "isRequired": true,
      "rDescription": "Specifies the names to give to the output columns, in the order in which the corresponding virtual columns appear in input_column.",
      "description": "Specify the names to give to the output columns, one for each virtual column in the packed data, in the order in which the virtual columns appear in target_column .",
      "datatype": "STRING",
      "allowsLists": true,
      "rName": "output.columns",
      "useInR": true,
      "rOrderNum": 3
    },
    {
      "permittedValues": [],
      "isOutputColumn": false,
      "matchLengthOfArgument": "OutputColumns",
      "allowPadding": true,
      "name": "OutputDataTypes",
      "alternateNames": [],
      "isRequired": true,
      "rDescription": "Specifies the datatypes of the unpacked output columns. If output.datatypes specifies only one value and output.columns specifies multiple columns, then the specified value applies to every output_column. If output.datatypes specifies multiple values, then it must specify a value for each output_column. The nth datatype corresponds to the nth output_column.",
      "description": "Specify the datatypes of the unpacked output columns. If OutputDataTypes specifies only one value and OutputColumns specifies multiple columns, the specified value applies to every output_column . If OutputDataTypes specifies multiple values, it must specify a value for each output_column . The n th datatype corresponds to the n th output_column .",
      "datatype": "STRING",
      "allowsLists": true,
      "rName": "output.datatypes",
      "useInR": true,
      "rOrderNum": 4
    },
    {
      "permittedValues": [],
      "defaultValue": ",",
      "isOutputColumn": false,
      "name": "Delimiter",
      "alternateNames": [],
      "isRequired": false,
      "rDescription": " Specifies the delimiter (a string) that separates the virtual columns in the packed data. If delimiter contains a character that is a symbol in a regular expression\u2014such as an asterisk (*) or pipe character (|)\u2014precede it with two escape characters. For example, if the delimiter is the pipe character, specify '\\|'. The default delimiter is comma (,). If the virtual columns are separated by a delimiter, then specify the delimiter with this argument; otherwise, specify the column.length argument. Do not specify both this argument and the column.length argument.",
      "description": " Specify the delimiter (a string) that separates the virtual columns in the packed data. If delimiter contains a character that is a symbol in a regular expression\u2014such as an asterisk (*) or pipe character ( | )\u2014precede it with two escape characters. For example, if the delimiter is the pipe character, specify '\\\\|' . Note: Do not specify both this argument and the ColumnLength argument. If the virtual columns are separated by a delimiter, specify the delimiter with this argument; otherwise, specify the ColumnLength argument. Default: ',' (comma)",
      "datatype": "STRING",
      "allowsLists": false,
      "rName": "delimiter",
      "useInR": true,
      "rOrderNum": 5
    },
    {
      "permittedValues": [],
      "isOutputColumn": false,
      "matchLengthOfArgument": "OutputColumns",
      "allowPadding": true,
      "name": "ColumnLength",
      "alternateNames": [],
      "isRequired": false,
      "rDescription": "Specifies the lengths of the virtual columns; therefore, to use this argument, you must know the length of each virtual column. If column.length specifies only one value and output.columns specifies multiple columns, then the specified value applies to every output_column. If column.length specifies multiple values, then it must specify a value for each output_column. The nth datatype corresponds to the nth output_column. However, the last column_name can be an asterisk (*), which represents a single virtual column that contains the remaining data. For example, if the first three virtual columns have the lengths 2, 1, and 3, and all remaining data belongs to the fourth virtual column, you can specify column.length ('2', '1', '3', *). If you specify this argument, you must omit the delimiter argument.",
      "description": " Specify the lengths of the virtual columns; therefore, to use this argument, you must know the length of each virtual column. If ColumnLength specifies only one value and OutputColumns specifies multiple columns, the specified value applies to every output_column . If ColumnLength specifies multiple values, it must specify a value for each output_column . The n th datatype corresponds to the n th output_column . However, the last output_column can be an asterisk (*), which represents a single virtual column that contains the remaining data. For example, if the first three virtual columns have the lengths 2, 1, and 3, and all remaining data belongs to the fourth virtual column, you can specify ColumnLength\u00a0(2,\u00a01,\u00a03,\u00a0*). Note: Do not specify both this argument and the Delimiter argument.",
      "datatype": "STRING",
      "allowsLists": true,
      "rName": "column.length",
      "useInR": true,
      "rOrderNum": 6
    },
    {
      "permittedValues": [],
      "defaultValue": "(.*)",
      "isOutputColumn": false,
      "name": "Regex",
      "alternateNames": [],
      "isRequired": false,
      "rDescription": "Specifies a regular expression that describes a row of packed data, enabling the function to find the data values. A row of packed data contains one data value for each virtual column, but the row might also contain other information (such as the virtual column name). In the regular_expression, each data value is enclosed in parentheses. For example, suppose that the packed data has two virtual columns, age and sex, and that one row of packed data is: age:34,sex:male The regular_expression that describes the row is '.*:(.*)'. The '.*:' matches the virtual column names, age and sex, and the '(.*)' matches the values, 34 and male. The default regular_expression is '(.*)' which matches the whole string (between delimiters, if any). When applied to the preceding sample row, the default regular_expression causes the function to return 'age:34' and 'sex:male' as data values. To represent multiple data groups in regular_expression, use multiple pairs of parentheses. By default, the last data group in regular_expression represents the data value (other data groups are assumed to be virtual column names or unwanted data). If a different data group represents the data value, specify its group number with the regex.set argument.",
      "description": " Specify a regular expression that describes a row of packed data, enabling the function to find the data values. A row of packed data contains a data value for each virtual column, but the row might also contain other information (such as the virtual column name). In the regular_expression , each data value is enclosed in parentheses. For example, suppose that the packed data has two virtual columns, age and sex, and that one row of packed data is age:34,sex:male . The regular_expression that describes the row is '.*:(.*)' . The '.*:' matches the virtual column names, age and sex, and the '(.*)' matches the values, 34 and male. To represent multiple data groups in regular_expression , use multiple pairs of parentheses. Without parentheses, the last data group in regular_expression represents the data value (other data groups are assumed to be virtual column names or unwanted data). If a different data group represents the data value, specify its group number with the RegexSet argument. Default: '(.*)' , which matches the whole string (between delimiters, if any). When applied to the preceding sample row, the default regular_expression causes the function to return 'age:34' and 'sex:male' as data values.",
      "datatype": "STRING",
      "allowsLists": false,
      "rName": "regex",
      "useInR": true,
      "rOrderNum": 7
    },
    {
      "defaultValue": 1,
      "lowerBound": 0,
      "upperBound": 2147483647,
      "lowerBoundType": "INCLUSIVE",
      "upperBoundType": "INCLUSIVE",
      "allowNaN": false,
      "name": "RegexSet",
      "alternateNames": [],
      "isRequired": false,
      "rDescription": "Specifies the ordinal number of the data group in regular_expression that represents the data value in a virtual column. By default, the last data group in regular_expression represents the data value. For example, suppose that regular_expression is: '([a-zA-Z]*):(.*)' If group_number is '1', then '([a-zA-Z]*)' represents the data value. If group_number is '2', then '(.*)' represents the data value.",
      "description": " Specify the ordinal number of the data group in regular_expression that represents the data value in a virtual column. Default behavior: The last data group in regular_expression represents the data value. For example, suppose that regular_expression is '([a-zA-Z]*):(.*)' . If group_number is '1', '([a-zA-Z]*)' represents the data value. If group_number is '2', '(.*)' represents the data value.",
      "datatype": "INTEGER",
      "allowsLists": false,
      "rName": "regex.set",
      "useInR": true,
      "rOrderNum": 8
    },
    {
      "defaultValue": false,
      "name": "IgnoreInvalid",
      "alternateNames": [
        "Exception"
      ],
      "isRequired": false,
      "rDescription": "Specifies whether the function ignores rows that contain invalid data; that is, continues without outputting them. The default value is 'false', which causes the function to fail if it encounters a row with invalid data.",
      "description": " Specify whether the function ignores rows that contain invalid data. Default: 'false' (The function fails if it encounters a row with invalid data.)",
      "datatype": "BOOLEAN",
      "allowsLists": false,
      "rName": "exception",
      "useInR": true,
      "rOrderNum": 9
    },
    {
      "permittedValues": [],
      "isOutputColumn": false,
      "matchLengthOfArgument": "",
      "allowPadding": true,
      "name": "UniqueId",
      "alternateNames": [
        "SequenceInputBy"
      ],
      "isRequired": false,
      "rDescription": "Specifies the LIST_VECTOR of column(s) that uniquely identifies each row of the input argument INPUT_ARG_NAME. The argument is used to ensure deterministic results for functions which produce results that vary from run to run.",
      "description": "Specifies the input column(s) that uniquely identify each row of input table. The format is 'input1:c1' where input1 refers to the alias used by the input table that contains such column named c1.",
      "datatype": "STRING",
      "allowsLists": true,
      "rName": "sequence.column",
      "useInR": true,
      "rOrderNum": 50
    }
  ]
}