{
  "json_schema_major_version": "1",
  "json_schema_minor_version": "2",
  "json_content_version": "1",
  "function_name": "URIPack",
  "function_version": "1.3",
  "function_type": "non-driver",
  "function_alias_name": "URIPack",
  "function_r_name": "aa.uri.pack",
  "short_description": "SQL/MR function for combining URI components into a single encoded URI.",
  "long_description": "The URIPack function reconstructs hierarchical URI strings that were unpacked by the function URIUnpack.",
  "input_tables": [
    {
      "requiredInputKind": [
        "PartitionByAny"
      ],
      "isOrdered": false,
      "partitionByOne": false,
      "name": "input",
      "alternateNames": [],
      "isRequired": true,
      "rDescription": "The table containing the URIs to be packed.",
      "description": "The table containing the URIs to be packed.",
      "datatype": "TABLE_ALIAS",
      "allowsLists": false,
      "rName": "data",
      "useInR": true,
      "rOrderNum": 1
    }
  ],
  "argument_clauses": [
    {
      "targetTable": [
        "input"
      ],
      "checkDuplicate": true,
      "allowedTypes": [],
      "allowedTypeGroups": [
        "STRING"
      ],
      "matchLengthOfArgument": "",
      "allowPadding": true,
      "name": "Queries",
      "alternateNames": [],
      "isRequired": false,
      "rDescription": "Specifies the names of the query parameters whose values are to be included in the URIs",
      "description": " Specify the names of the query parameters whose values are to be included in the URIs.",
      "datatype": "COLUMNS",
      "allowsLists": true,
      "rName": "queries",
      "useInR": true,
      "rOrderNum": 2
    },
    {
      "targetTable": [
        "input"
      ],
      "checkDuplicate": true,
      "allowedTypes": [],
      "allowedTypeGroups": [
        "STRING"
      ],
      "requiredLength": 1,
      "matchLengthOfArgument": "",
      "allowPadding": true,
      "name": "SchemeColumn",
      "alternateNames": [],
      "isRequired": false,
      "rDescription": "Specifies the name of the input table column that contains the URI scheme.",
      "description": " Specify the name of the input table column that contains the URI scheme.",
      "datatype": "COLUMNS",
      "allowsLists": false,
      "rName": "scheme.column",
      "useInR": true,
      "rOrderNum": 3
    },
    {
      "targetTable": [
        "input"
      ],
      "checkDuplicate": true,
      "allowedTypes": [],
      "allowedTypeGroups": [
        "STRING"
      ],
      "requiredLength": 1,
      "matchLengthOfArgument": "",
      "allowPadding": true,
      "name": "HostColumn",
      "alternateNames": [],
      "isRequired": false,
      "rDescription": " Specifies the name of the input table column that contains the URI host.",
      "description": " Specify the name of the input table column that contains the URI host.",
      "datatype": "COLUMNS",
      "allowsLists": false,
      "rName": "host.column",
      "useInR": true,
      "rOrderNum": 4
    },
    {
      "targetTable": [
        "input"
      ],
      "checkDuplicate": true,
      "allowedTypes": [],
      "allowedTypeGroups": [
        "STRING"
      ],
      "requiredLength": 1,
      "matchLengthOfArgument": "",
      "allowPadding": true,
      "name": "PathColumn",
      "alternateNames": [],
      "isRequired": false,
      "rDescription": "Specifies the name of the input table column that contains the URI path.",
      "description": " Specify the name of the input table column that contains the URI path.",
      "datatype": "COLUMNS",
      "allowsLists": false,
      "rName": "path.column",
      "useInR": true,
      "rOrderNum": 5
    },
    {
      "targetTable": [
        "input"
      ],
      "checkDuplicate": true,
      "allowedTypes": [],
      "allowedTypeGroups": [
        "STRING"
      ],
      "requiredLength": 1,
      "matchLengthOfArgument": "",
      "allowPadding": true,
      "name": "FragmentColumn",
      "alternateNames": [],
      "isRequired": false,
      "rDescription": "Specifies the name of the input table column that contains the URI fragment.",
      "description": " Specify the name of the input table column that contains the URI fragment.",
      "datatype": "COLUMNS",
      "allowsLists": false,
      "rName": "fragment.column",
      "useInR": true,
      "rOrderNum": 6
    },
    {
      "targetTable": [
        "input"
      ],
      "checkDuplicate": true,
      "allowedTypes": [],
      "allowedTypeGroups": [
        "ALL"
      ],
      "matchLengthOfArgument": "",
      "allowPadding": true,
      "name": "Accumulate",
      "alternateNames": [],
      "isRequired": false,
      "rDescription": "Specifies names of the input table columns to copy to the output table.",
      "description": " Specify names of the input table columns to copy to the output table.",
      "datatype": "COLUMNS",
      "allowsLists": true,
      "rName": "accumulate",
      "useInR": true,
      "rOrderNum": 8
    },
    {
      "permittedValues": [],
      "defaultValue": [
        "null"
      ],
      "isOutputColumn": false,
      "matchLengthOfArgument": "",
      "allowPadding": true,
      "name": "IgnoreValues",
      "alternateNames": [],
      "isRequired": false,
      "rDescription": " Specifies a list of (case-insensitive) strings for the function to treat as null values. If you omit this argument, the function treats only the string 'null' as a null value. If you specify this argument, you must specify the string 'null' to have the function treat it as a null value.",
      "description": " Specify a list of case-insensitive strings for the function to treat as null values. If you specify this argument, you must specify the string 'null' to have the function treat it as a null value. Default behavior: The function treats only the string 'null' as a null value.",
      "datatype": "STRING",
      "allowsLists": true,
      "rName": "ignore.values",
      "useInR": true,
      "rOrderNum": 7
    },
    {
      "permittedValues": [],
      "isOutputColumn": false,
      "matchLengthOfArgument": "",
      "allowPadding": true,
      "name": "UniqueId",
      "alternateNames": [
        "SequenceInputBy"
      ],
      "isRequired": false,
      "rDescription": "Specifies the LIST_VECTOR of column(s) that uniquely identifies each row of the input argument INPUT_ARG_NAME. The argument is used to ensure deterministic results for functions which produce results that vary from run to run.",
      "description": "Specifies the input column(s) that uniquely identify each row of input table. The format is 'input1:c1' where input1 refers to the alias used by the input table that contains such column named c1.",
      "datatype": "STRING",
      "allowsLists": true,
      "rName": "sequence.column",
      "useInR": true,
      "rOrderNum": 50
    }
  ]
}