{
  "json_schema_major_version": "1",
  "json_schema_minor_version": "2",
  "json_content_version": "1",
  "function_name": "VectorDistance",
  "function_version": "1.3",
  "function_type": "non-driver",
  "function_alias_name": "VectorDistance",
  "function_r_name": "aa.vector.distance",
  "short_description": "This function takes the sparse vector input and output distance between target and reference vectors with defined measurent ",
  "long_description": "The VectorDistance function takes a table of target vectors and a table of reference vectors and returns a table that contains the distance between each target-reference pair. Information retrieval and text mining applications use the vector distance between the Term Frequency Inverse Document Frequency (TF-IDF) representations of two documents to measure the similarity of their subject matter.",
  "input_tables": [
    {
      "requiredInputKind": [
        "PartitionByKey"
      ],
      "isOrdered": false,
      "partitionByOne": false,
      "name": "TargetTable",
      "alternateNames": [
        "target"
      ],
      "isRequired": true,
      "rDescription": "A table that specifies target vectors",
      "description": "A table that specifies target vectors",
      "datatype": "TABLE_ALIAS",
      "allowsLists": false,
      "rName": "target.data",
      "useInR": true,
      "rOrderNum": 1
    },
    {
      "requiredInputKind": [
        "Dimension"
      ],
      "isOrdered": false,
      "partitionByOne": false,
      "name": "ReferenceTable",
      "alternateNames": [
        "ref"
      ],
      "isRequired": true,
      "rDescription": "A table that specifies reference vectors",
      "description": "A table that specifies reference vectors",
      "datatype": "TABLE_ALIAS",
      "allowsLists": false,
      "rName": "ref.data",
      "useInR": true,
      "rOrderNum": 2
    }
  ],
  "argument_clauses": [
    {
      "targetTable": [
        "target"
      ],
      "checkDuplicate": true,
      "allowedTypes": [],
      "allowedTypeGroups": [
        "ALL"
      ],
      "matchLengthOfArgument": "",
      "allowPadding": true,
      "name": "TargetIdColumns",
      "alternateNames": [],
      "isRequired": true,
      "rDescription": "Specifies the names of the columns that comprise the target vector identifier. You must partition the target input table by these columns and specify them with this argument.",
      "description": "Specify the names of the columns that comprise the target vector identifier. You must partition the target input table by these columns and specify them with this argument.",
      "datatype": "COLUMNS",
      "allowsLists": true,
      "rName": "target.id",
      "useInR": true,
      "rOrderNum": 3
    },
    {
      "targetTable": [
        "target"
      ],
      "checkDuplicate": false,
      "allowedTypes": [],
      "allowedTypeGroups": [
        "ALL"
      ],
      "requiredLength": 1,
      "matchLengthOfArgument": "",
      "allowPadding": true,
      "name": "TargetFeatureColumn",
      "alternateNames": [],
      "isRequired": true,
      "rDescription": "Specifies the name of the column that contains the target vector feature name (for example, the axis of a 3-D vector). Note: An entry with a NULL value in a feature_column is dropped.",
      "description": "Specify the name of the column that contains the target vector feature name (for example, the axis of a 3-D vector). Note: The function drops any entry that has a NULL value in a feature_column .",
      "datatype": "COLUMNS",
      "allowsLists": false,
      "rName": "target.feature",
      "useInR": true,
      "rOrderNum": 4
    },
    {
      "targetTable": [
        "target"
      ],
      "checkDuplicate": false,
      "allowedTypes": [],
      "allowedTypeGroups": [
        "NUMERIC"
      ],
      "requiredLength": 1,
      "matchLengthOfArgument": "",
      "allowPadding": true,
      "name": "TargetValueColumn",
      "alternateNames": [],
      "isRequired": false,
      "rDescription": "Specifies the name of the column that contains the value for the target vector feature. The default value is 1. Note: An entry with a NULL value in a value_column is dropped.",
      "description": " Specify the name of the column that contains the value for the target vector feature. If you omit this argument, each feature (that is, each row) has the target value 1. Note: The function drops any entry that has a NULL value in a value_column .",
      "datatype": "COLUMNS",
      "allowsLists": false,
      "rName": "target.value",
      "useInR": true,
      "rOrderNum": 5
    },
    {
      "targetTable": [
        "ref"
      ],
      "checkDuplicate": true,
      "allowedTypes": [],
      "allowedTypeGroups": [
        "ALL"
      ],
      "defaultValues": [],
      "matchLengthOfArgument": "",
      "allowPadding": true,
      "name": "RefIdColumns",
      "alternateNames": [],
      "isRequired": false,
      "rDescription": "Specifies the names of the columns that comprise the reference vector identifier. The default value is the target.id argument value. ",
      "description": " Specify the names of the columns that comprise the reference vector identifier. Default: TargetIDColumns value",
      "datatype": "COLUMNS",
      "allowsLists": true,
      "rName": "ref.id",
      "useInR": true,
      "rOrderNum": 6
    },
    {
      "targetTable": [
        "ref"
      ],
      "checkDuplicate": false,
      "allowedTypes": [],
      "allowedTypeGroups": [
        "ALL"
      ],
      "requiredLength": 1,
      "matchLengthOfArgument": "",
      "allowPadding": true,
      "name": "RefFeatureColumn",
      "alternateNames": [],
      "isRequired": false,
      "rDescription": "Specifies the name of the column that contains the reference vector feature name. The default value is the target.feature argument value.",
      "description": " Specify the name of the column that contains the reference vector feature name. Note: The function drops any entry that has a NULL value in a feature_column . Default: feature_column (TargetFeatureColumn value)",
      "datatype": "COLUMNS",
      "allowsLists": false,
      "rName": "ref.feature",
      "useInR": true,
      "rOrderNum": 7
    },
    {
      "targetTable": [
        "ref"
      ],
      "checkDuplicate": false,
      "allowedTypes": [],
      "allowedTypeGroups": [
        "NUMERIC"
      ],
      "requiredLength": 1,
      "matchLengthOfArgument": "",
      "allowPadding": true,
      "name": "RefValueColumn",
      "alternateNames": [],
      "isRequired": false,
      "rDescription": "Specifies the name of the column that contains the value for the reference vector feature. The default value is the TargetValueColumn argument value. Note: An entry with a NULL value in a value_column is dropped.",
      "description": " Specify the name of the column that contains the value for the reference vector feature. Note: The function drops any entry that has a NULL value in a value_column . Default: TargetValueColumn argument value.",
      "datatype": "COLUMNS",
      "allowsLists": false,
      "rName": "ref.value",
      "useInR": true,
      "rOrderNum": 8
    },
    {
      "permittedValues": [],
      "defaultValue": "positiveinfinity",
      "isOutputColumn": false,
      "name": "ReplaceInvalid",
      "alternateNames": [],
      "isRequired": false,
      "rDescription": "Specifies the value to return when the function encounters an infinite value or empty vectors. For custom, you can supply any DOUBLE PRECISION value. The default value is 'PositiveInfinity'.",
      "description": " Specify the value to return when the function encounters an infinite value or empty vectors. For custom , you can supply any DOUBLE PRECISION value. Default: 'PositiveInfinity'",
      "datatype": "STRING",
      "allowsLists": false,
      "rName": "replace.invalid",
      "useInR": true,
      "rOrderNum": 12
    },
    {
      "permittedValues": [
        "small",
        "large"
      ],
      "defaultValue": "small",
      "isOutputColumn": false,
      "name": "RefTableSize",
      "alternateNames": [],
      "isRequired": false,
      "rDescription": "Specifies the size of the reference table. Specify 'LARGE' only if the reference table does not fit in memory. The default value, 'SMALL', allows faster processing.",
      "description": " Specify the size of the reference table. Specify 'LARGE' only if the reference table does not fit in memory, because 'SMALL' allows faster processing. Default: 'SMALL'",
      "datatype": "STRING",
      "allowsLists": false,
      "rName": "reftable.size",
      "useInR": true,
      "rOrderNum": 9
    },
    {
      "permittedValues": [
        "COSINE",
        "EUCLIDEAN",
        "MANHATTAN",
        "BINARY"
      ],
      "defaultValue": [
        "cosine"
      ],
      "isOutputColumn": false,
      "matchLengthOfArgument": "",
      "allowPadding": true,
      "name": "DistanceMeasure",
      "alternateNames": [],
      "isRequired": false,
      "rDescription": "Specifies the distance measures that the function uses.The default value is 'cosine'.",
      "description": " Specify the distance measures that the function uses. Note: The binary distance between two vectors is 1 if the vectors are identical and 0 otherwise. Default: 'cosine'",
      "datatype": "STRING",
      "allowsLists": true,
      "rName": "distance.measure",
      "useInR": true,
      "rOrderNum": 10
    },
    {
      "allowNaN": true,
      "matchLengthOfArgument": "",
      "allowPadding": true,
      "name": "MaxDistance",
      "alternateNames": [],
      "isRequired": false,
      "rDescription": "Specifies the maximum distance between a pair of target and reference vectors. If the distance exceeds the threshold, the pair does not appear in the output table. If the distance.measure argument specifies multiple measures, then the max.distance argument must specify a threshold for each measure. The ith threshold corresponds to the ith measure. Each threshold can be any DOUBLE PRECISION value. If you omit this argument, then the function returns all results.",
      "description": " Specify the maximum distance between a pair of target and reference vectors. If the distance exceeds the threshold, the pair does not appear in the output table. If the DistanceMeasure argument specifies multiple measures, then the MaxDistance argument must specify a threshold for each measure. The i th threshold corresponds to the ith measure. Each threshold can be any DOUBLE PRECISION value. Default behavior: The function returns all results.",
      "datatype": "DOUBLE",
      "allowsLists": true,
      "rName": "max.distance",
      "useInR": true,
      "rOrderNum": 14
    },
    {
      "defaultValue": true,
      "name": "IgnoreMismatch",
      "alternateNames": [],
      "isRequired": false,
      "rDescription": "Specifies whether to drop mismatched dimensions. The default value is 'true'. If distance.measure is 'cosine', then this argument is 'false'. If you specify 'true', then two vectors with no common features become two empty vectors when only their common features are considered, and the function cannot measure the distance between them.",
      "description": " Specify whether to drop mismatched dimensions. If DistanceMeasure is 'cosine', this argument is 'false'. If you specify 'true', two vectors with no common features become two empty vectors when only their common features are considered, and the function cannot measure the distance between them. Default: 'true'",
      "datatype": "BOOLEAN",
      "allowsLists": false,
      "rName": "ignore.mismatch",
      "useInR": true,
      "rOrderNum": 11
    },
    {
      "defaultValue": 2147483647,
      "lowerBound": 1,
      "upperBound": 2147483647,
      "lowerBoundType": "INCLUSIVE",
      "upperBoundType": "INCLUSIVE",
      "allowNaN": false,
      "name": "TopK",
      "alternateNames": [],
      "isRequired": false,
      "rDescription": "Specifies, for each target vector and for each measure, the maximum number of closest reference vectors to include in the output table. For k, you can supply any INTEGER value. The default value is the maximum INTEGER value (2,147,483,647).",
      "description": " Specify, for each target vector and for each measure, the maximum number of closest reference vectors to include in the output table. For k, you can supply any INTEGER value. Default: Maximum INTEGER value (2,147,483,647)",
      "datatype": "INTEGER",
      "allowsLists": false,
      "rName": "top.k",
      "useInR": true,
      "rOrderNum": 13
    },
    {
      "permittedValues": [],
      "isOutputColumn": false,
      "matchLengthOfArgument": "",
      "allowPadding": true,
      "name": "UniqueId",
      "alternateNames": [
        "SequenceInputBy"
      ],
      "isRequired": false,
      "rDescription": "Specifies the LIST_VECTOR of column(s) that uniquely identifies each row of the input argument INPUT_ARG_NAME. The argument is used to ensure deterministic results for functions which produce results that vary from run to run.",
      "description": "Specifies the input column(s) that uniquely identify each row of input table. The format is 'input1:c1' where input1 refers to the alias used by the input table that contains such column named c1.",
      "datatype": "STRING",
      "allowsLists": true,
      "rName": "sequence.column",
      "useInR": true,
      "rOrderNum": 50
    }
  ]
}