{
  "json_schema_major_version": "1",
  "json_schema_minor_version": "2",
  "json_content_version": "1",
  "function_name": "VWAP",
  "function_version": "1.6",
  "function_type": "non-driver",
  "function_alias_name": "VWAP",
  "function_r_name": "aa.vwap",
  "short_description": "Outputs volume-weighted average price (VWAP) based on specified interval",
  "long_description": "The VWAP function computes the volume-weighted average price of a traded item (usually an equity share) for each time interval in a series of equal-length time intervals. Where",
  "partner_function": "stock_vol",
  "input_tables": [
    {
      "requiredInputKind": [
        "PartitionByKey"
      ],
      "isOrdered": true,
      "partitionByOne": false,
      "name": "input",
      "alternateNames": [],
      "isRequired": true,
      "rDescription": "The table containing the input data.",
      "description": "The table containing the input data.",
      "datatype": "TABLE_ALIAS",
      "allowsLists": false,
      "rName": "data",
      "useInR": true,
      "rOrderNum": 1
    }
  ],
  "argument_clauses": [
    {
      "targetTable": [
        "input"
      ],
      "checkDuplicate": true,
      "allowedTypes": [],
      "allowedTypeGroups": [
        "NUMERIC"
      ],
      "requiredLength": 1,
      "matchLengthOfArgument": "",
      "allowPadding": true,
      "name": "Price",
      "alternateNames": [],
      "isRequired": false,
      "rDescription": "Specifies the name of the input table column that contains the price at which the item traded. The default value is 'price'.",
      "description": " Specify the name of the input table column that contains the price at which the item traded. Default: 'price'",
      "datatype": "COLUMNS",
      "allowsLists": false,
      "rName": "price",
      "useInR": true,
      "rOrderNum": 2
    },
    {
      "targetTable": [
        "input"
      ],
      "checkDuplicate": true,
      "allowedTypes": [],
      "allowedTypeGroups": [
        "NUMERIC"
      ],
      "requiredLength": 1,
      "matchLengthOfArgument": "",
      "allowPadding": true,
      "name": "Volume",
      "alternateNames": [],
      "isRequired": false,
      "rDescription": "Specifies the name of the input table column that contains the number of units traded in the transaction. The default value is 'volume'.",
      "description": " Specify the name of the input table column that contains the number of units traded in the transaction. Default: 'volume'",
      "datatype": "COLUMNS",
      "allowsLists": false,
      "rName": "volume",
      "useInR": true,
      "rOrderNum": 3
    },
    {
      "targetTable": [
        "input"
      ],
      "checkDuplicate": true,
      "allowedTypes": [],
      "allowedTypeGroups": [
        "TIME"
      ],
      "defaultValues": [
        "dt"
      ],
      "requiredLength": 1,
      "matchLengthOfArgument": "",
      "allowPadding": true,
      "name": "TimeColumn",
      "alternateNames": [
        "Dt"
      ],
      "isRequired": false,
      "rDescription": "Specifies the name of the input table column that contains the date and time of the trade. The default value is 'dt'.",
      "description": " Specify the name of the input table column that contains the date and time of the trade. Default: 'dt'",
      "datatype": "COLUMNS",
      "allowsLists": false,
      "rName": "date.time",
      "useInR": true,
      "rOrderNum": 4
    },
    {
      "defaultValue": 0,
      "lowerBound": 0,
      "upperBound": 2147483647,
      "lowerBoundType": "INCLUSIVE",
      "upperBoundType": "INCLUSIVE",
      "allowNaN": false,
      "name": "TimeInterval",
      "alternateNames": [],
      "isRequired": false,
      "rDescription": "Specifies the number of seconds in each time interval. The default value is 0, which makes each row an interval, causing the function to calculate no averages.",
      "description": " Specify the number of seconds in each time interval. Default: 0 (Each row is an interval, and the function calculates no averages.)",
      "datatype": "INTEGER",
      "allowsLists": false,
      "rName": "time.interval",
      "useInR": true,
      "rOrderNum": 5
    },
    {
      "permittedValues": [],
      "isOutputColumn": false,
      "matchLengthOfArgument": "",
      "allowPadding": true,
      "name": "UniqueId",
      "alternateNames": [
        "SequenceInputBy"
      ],
      "isRequired": false,
      "rDescription": "Specifies the LIST_VECTOR of column(s) that uniquely identifies each row of the input argument INPUT_ARG_NAME. The argument is used to ensure deterministic results for functions which produce results that vary from run to run.",
      "description": "Specifies the input column(s) that uniquely identify each row of input table. The format is 'input1:c1' where input1 refers to the alias used by the input table that contains such column named c1.",
      "datatype": "STRING",
      "allowsLists": true,
      "rName": "sequence.column",
      "useInR": true,
      "rOrderNum": 50
    }
  ]
}