{
  "json_schema_major_version": "1",
  "json_schema_minor_version": "2",
  "json_content_version": "1",
  "function_name": "XMLParser",
  "function_version": "2.3",
  "function_type": "non-driver",
  "function_alias_name": "XMLParser",
  "function_r_name": "aa.xml.parser",
  "short_description": "Implements the XMLParser SQL/MR function.",
  "long_description": "The XMLParser function takes XML documents and outputs their element names, attribute values, and text in a relational table, which you can search with SQL queries. XML data is semistructured and hierarchical, unlike the data in relational database tables. Therefore, you cannot search XML data with SQL queries unless you first relationalize the XML data (that is, put it in a relational database table). Not all XML data can be relationalized; therefore, the XMLParser function constrains the relationships in the extracted data to grandparent/parent/child, parent/child, ancestor, and sibling relationships. The function lets you specify these constraints and the output table schema.",
  "input_tables": [
    {
      "requiredInputKind": [
        "PartitionByAny"
      ],
      "isOrdered": false,
      "partitionByOne": false,
      "name": "input",
      "alternateNames": [],
      "isRequired": true,
      "rDescription": "The input table that contains XML documents. ",
      "description": "The input table that contains XML documents. ",
      "datatype": "TABLE_ALIAS",
      "allowsLists": false,
      "rName": "data",
      "useInR": true,
      "rOrderNum": 1
    }
  ],
  "argument_clauses": [
    {
      "targetTable": [
        "input"
      ],
      "checkDuplicate": true,
      "allowedTypes": [
        "bytea"
      ],
      "allowedTypeGroups": [
        "STRING"
      ],
      "requiredLength": 1,
      "matchLengthOfArgument": "",
      "allowPadding": true,
      "name": "TextColumn",
      "alternateNames": [],
      "isRequired": true,
      "rDescription": " Specifies the name of the input table column that contains the XML documents. The function skips malformed XML documents.",
      "description": "Specify the name of the input table column that contains the XML documents. The function skips malformed XML documents.",
      "datatype": "COLUMNS",
      "allowsLists": false,
      "rName": " text.column",
      "useInR": true,
      "rOrderNum": 2
    },
    {
      "targetTable": [
        "input"
      ],
      "checkDuplicate": true,
      "allowedTypes": [],
      "allowedTypeGroups": [
        "ALL"
      ],
      "matchLengthOfArgument": "",
      "allowPadding": true,
      "name": "Accumulate",
      "alternateNames": [],
      "isRequired": false,
      "rDescription": "Specifies the names of input column names to copy to the output table. No accumulate_column can be specified by the argument output.column.node.id, output.column.parent.node.name, or output.column.grandparent.node.name. By default, the function copies all input columns to the output table.",
      "description": " Specify the names of input column names to copy to the output table. No accumulate_column can be specified by the argument OutputColumnNodeID, OutputColumnParentNodeName, or OutputColumnGrandparentNodeName. Default: All input columns",
      "datatype": "COLUMNS",
      "allowsLists": true,
      "rName": "accumulate",
      "useInR": true,
      "rOrderNum": 13
    },
    {
      "permittedValues": [],
      "isOutputColumn": false,
      "matchLengthOfArgument": "",
      "allowPadding": true,
      "name": "Nodes",
      "alternateNames": [],
      "isRequired": true,
      "rDescription": "Specifies the node-pair strings from which the function extracts data. The simplest syntax for node_pair_string is:[grandparent/]parent/child[,...] where grandparent, parent, and child are node names. For each grandparent, parent, and child, you can specify one or more attributes to extract: {grandparent|parent|child}[:attribute[,...]] For each node_pair_string, the function generates a row in the output table and adds a column for each specified attribute. Note: nodes and attribute names are case-sensitive. A grandparent or parent without attributes can contain wildcards. The wildcards can follow the rules of either the SQL LIKE statement or the Java regular expression. The SQL LIKE statement syntax is 'like(expression)', where expression can include these wildcards:  Percent (%), which matches any sequence of zero or more characters, Underscore (_), which matches any single character, Backslash(''), which \u201cescapes\u201d the wildcard character that follows it, causing that wildcard character to be treated as an ordinary character For example, 'like(%a_c''_)/d' matches the XML fragment <123abc_><d>text</d></123abc_>. The Java Regular Expression syntax is 'regex(expression)', where expression follows the rules for a Java regular expression. If no node_pair_string contains a parent node, or no node_pair_string contains a grandparent node, the function outputs nothing. If no node_pair_string contains a child node, the function outputs NULL child node values. If the argument specifies no attributes, the function outputs NULL attribute values.",
      "description": "Specify the node-pair strings from which the function extracts data. This is the simplest syntax for node_pair_string : grandparent /] parent / child [,...] where grandparent , parent , and child are node names. For each grandparent , parent , and child , you can specify one or more attributes to extract: grandparent | parent | child }[: attribute [,...]] For each node_pair_string , the function creates a row in the output table and adds a column for each specified attribute. Note: Node and attribute names are case-sensitive. A grandparent or parent without attributes can contain wildcards. The wildcards can follow the rules of either the SQL LIKE statement or the Java regular expression. The SQL LIKE statement syntax is 'like( expression )' , where expression can include these wildcards: Wildcard Character Meaning Percent (%) Matches any sequence of zero or more characters. Underscore (_) Matches any single character. Backslash (\\) Makes the wildcard character that follows an ordinary character. For example, 'like(%a_c\\_)/d' matches the XML fragment <123abc_><d> text </d></123abc_> . The Java Regular Expression syntax is 'regex( expression )' , where expression follows the rules for a Java regular expression. If no node_pair_string contains a parent node, or no node_pair_string contains a grandparent node, the function outputs nothing. If no node_pair_string contains a child node, the function outputs NULL child node values. If the argument specifies no attributes, the function outputs NULL attribute values.",
      "datatype": "STRING",
      "allowsLists": true,
      "rName": "nodes",
      "useInR": true,
      "rOrderNum": 3
    },
    {
      "permittedValues": [],
      "isOutputColumn": false,
      "matchLengthOfArgument": "",
      "allowPadding": true,
      "name": "Sibling",
      "alternateNames": [],
      "isRequired": false,
      "rDescription": "Specifies the sibling nodes of one parent node specified in the nodes argument. The syntax for sibling_node_string is: sibling_node_name[:attribute[,...]] The function includes the values from the sibling nodes in every output row and adds a column to the output table for every sibling node and every specified attribute. If no sibling_node_string contains a sibling node, the function outputs NULL sibling node values. If the argument specifies no attributes, the function outputs NULL attribute values. ",
      "description": " Specify the sibling nodes of one parent node specified in the Nodes argument. This is the syntax for sibling_node_string : sibling_node_name [: attribute [,...]] The function includes the values from the sibling nodes in every output row and adds a column to the output table for every sibling node and every specified attribute. If no sibling_node_string contains a sibling node, the function outputs NULL sibling node values. If the argument specifies no attributes, the function outputs NULL attribute values.",
      "datatype": "STRING",
      "allowsLists": true,
      "rName": "sibling",
      "useInR": true,
      "rOrderNum": 4
    },
    {
      "permittedValues": [],
      "defaultValue": ",",
      "isOutputColumn": false,
      "name": "Delimiter",
      "alternateNames": [],
      "isRequired": false,
      "rDescription": " Specifies the delimiter that separates multiple child node values in the output. The default value is comma (,).",
      "description": " Specify the delimiter that separates multiple child node values in the output. Default: ',' (comma)",
      "datatype": "STRING",
      "allowsLists": false,
      "rName": "delimiter",
      "useInR": true,
      "rOrderNum": 5
    },
    {
      "permittedValues": [],
      "defaultValue": ",",
      "isOutputColumn": false,
      "name": "SiblingDelimiter",
      "alternateNames": [],
      "isRequired": false,
      "rDescription": "Specifies the delimiter that separates multiple sibling node values in the output. The default value is comma (,).",
      "description": " Specify the delimiter that separates multiple sibling node values in the output. Default: ',' (comma)",
      "datatype": "STRING",
      "allowsLists": false,
      "rName": "sibling.delimiter",
      "useInR": true,
      "rOrderNum": 6
    },
    {
      "defaultValue": 10,
      "lowerBound": 0,
      "upperBound": 2147483647,
      "lowerBoundType": "EXCLUSIVE",
      "upperBoundType": "INCLUSIVE",
      "allowNaN": false,
      "name": "MaxItemNum",
      "alternateNames": [],
      "isRequired": false,
      "rDescription": "Specifies the maximum number of sibling nodes with the same name to be returned. This value must be a positive integer. The default value is 10.",
      "description": " Specify the maximum number of sibling nodes with the same name to return. This value must be a positive integer. Default: 10",
      "datatype": "INTEGER",
      "allowsLists": false,
      "rName": "max.item.num",
      "useInR": true,
      "rOrderNum": 7
    },
    {
      "permittedValues": [],
      "isOutputColumn": false,
      "matchLengthOfArgument": "",
      "allowPadding": true,
      "name": "Ancestor",
      "alternateNames": [],
      "isRequired": false,
      "rDescription": " Specifies the ancestor paths for all parent nodes specified in the nodes argument. The simplest syntax for nodes_path is: node[/node]... For each node, you can specify one or more attributes: node[:attribute[,...]] The default ancestor path is the root of the XML document. A node without attributes can contain wildcards. The wildcards can follow the rules of either the SQL LIKE statement or the Java regular expression. For details, see the description of the node argument. If you specify multiple ancestor paths, then the function parses each XML document to get results for each ancestor path. If different ancestor paths contain duplicate node names, as in the following example, then the result might be ambiguous: SELECT * FROM xmlparser ( ON xml_inputstext_column ('xml') nodes ('parent1/child1') ancestor ('A/B:attr/C:attr','A/C:attr/B:attr') ); If different ancestor paths contain duplicate node names, the function does not check for duplicate node names in the ancestor paths when constructing the output. Instead, the function maintains a list of column names for all ancestor paths in the output schema. For each result, the function fills the values of its ancestor path in the list and generates the output for the ancestor part.If no nodes_path is an ancestor path, the function outputs nothing. If the argument specifies no attributes, the function outputs NULL attribute values.",
      "description": " Specify the ancestor paths for all parent nodes specified in the Nodes argument. This is the simplest syntax for nodes_path : node [/ node ]... For each node , you can specify one or more attributes: node [: attribute [,...]] A node without attributes can contain wildcards. The wildcards can follow the rules of either the SQL LIKE statement or the Java regular expression. For details, see the description of the Node argument. If you specify multiple ancestor paths, the function parses each XML document to get results for each ancestor path. If different ancestor paths contain duplicate node names, as in the following example, the result can be ambiguous: If different ancestor paths contain duplicate node names, the function does not check for duplicate node names in the ancestor paths when constructing the output. Instead, the function maintains a list of column names for all ancestor paths in the output schema. For each result, the function fills the values of its ancestor path in the list and creates the output for the ancestor part. If no nodes_path is an ancestor path, the function outputs nothing. If the argument specifies no attributes, the function outputs NULL attribute values. Default: Root of the XML document",
      "datatype": "STRING",
      "allowsLists": true,
      "rName": "ancestor",
      "useInR": true,
      "rOrderNum": 8
    },
    {
      "permittedValues": [],
      "defaultValue": "out_nodeid",
      "isOutputColumn": true,
      "name": "OutputColumnNodeId",
      "alternateNames": [],
      "isRequired": false,
      "rDescription": "Specifies the name of the output table column where the function stores the IDs of the extracted nodes. The default name is out_nodeid.",
      "description": " Specify the name of the output table column where the function stores the IDs of the extracted nodes. Default: 'out_nodeid'",
      "datatype": "STRING",
      "allowsLists": false,
      "rName": "output.column.node.id",
      "useInR": true,
      "rOrderNum": 9
    },
    {
      "permittedValues": [],
      "defaultValue": "out_parent_node",
      "isOutputColumn": true,
      "name": "OutputColumnParentNodeName",
      "alternateNames": [],
      "isRequired": false,
      "rDescription": "Specifies the name of the output table column where the function stores the names of the extracted parent nodes. The default name is out_parent_node.",
      "description": " Specify the name of the output table column where the function stores the names of the extracted parent nodes. Default: 'out_parent_node'",
      "datatype": "STRING",
      "allowsLists": false,
      "rName": "output.column.parent.node.name",
      "useInR": true,
      "rOrderNum": 10
    },
    {
      "permittedValues": [],
      "isOutputColumn": true,
      "name": "OutputColumnGrandparentNodeName",
      "alternateNames": [],
      "isRequired": false,
      "rDescription": "Specifies the name of the output table column where the function stores the tag names of the extracted grandparent nodes. The default name is out_grandparent_node.",
      "description": "Specifies the name of the output table column where the function stores the tag names of the extracted grandparent nodes. The default name is out_grandparent_node.",
      "datatype": "STRING",
      "allowsLists": false,
      "rName": "output.column.grandparent.node.name",
      "useInR": true,
      "rOrderNum": 11
    },
    {
      "permittedValues": [],
      "defaultValue": "false",
      "isOutputColumn": false,
      "name": "ErrorHandler",
      "alternateNames": [],
      "isRequired": false,
      "rDescription": "Specifies whether the function handles errors that occur when parsing an XML document. The default value is 'false' (the function aborts and throws an exception). If you specify 'true':  If an error occurs while parsing a row, the function skips that row. When the function completes the parsing, it outputs only the nodes that were error-free.  You can tell the function to output an additional column named output_column_name and populate it with the values of the specified columns. In the output column, the values of the specified columns are separated with semicolons. For example, the following argument adds the column error_info to the output table and populates it with the values of input columns col1 and col2 (with a semicolon after each value): error.handler('true;error_info:col1,col2') The default output_column_name is error.handler.",
      "description": " Specify whether the function handles errors that occur when parsing an XML document. If you specify 'true': If an error occurs while parsing a row, the function skips that row. When the function completes the parsing, it outputs only the nodes that were error-free. You can tell the function to output an additional column named output_column and populate it with the values of the specified columns. In the output column, the values of the specified columns are separated with semicolons. For example, the following argument adds the column error_info to the output table and populates it with the values of input columns col1 and col2 (with a semicolon after each value): Default: 'false' (The function aborts and throws an exception. The output_column is ErrorHandler.)",
      "datatype": "STRING",
      "allowsLists": false,
      "rName": "error.handler",
      "useInR": true,
      "rOrderNum": 12
    },
    {
      "permittedValues": [],
      "isOutputColumn": false,
      "matchLengthOfArgument": "",
      "allowPadding": true,
      "name": "UniqueId",
      "alternateNames": [
        "SequenceInputBy"
      ],
      "isRequired": false,
      "rDescription": "Specifies the LIST_VECTOR of column(s) that uniquely identifies each row of the input argument INPUT_ARG_NAME. The argument is used to ensure deterministic results for functions which produce results that vary from run to run.",
      "description": "Specifies the input column(s) that uniquely identify each row of input table. The format is 'input1:c1' where input1 refers to the alias used by the input table that contains such column named c1.",
      "datatype": "STRING",
      "allowsLists": true,
      "rName": "sequence.column",
      "useInR": true,
      "rOrderNum": 50
    }
  ]
}